metric,sex,age,P3,P10,P25,P50,P75,P90,P97
nibp_map,Female,18,63.29,65.85,69.02,72.84,77.00,81.74,89.00
nibp_map,Female,19,63.35,65.92,69.12,73.00,77.26,82.20,89.49
nibp_map,Female,20,63.41,66.00,69.22,73.16,77.51,82.66,89.98
nibp_map,Female,21,63.48,66.08,69.32,73.32,77.77,83.12,90.46
nibp_map,Female,22,63.54,66.15,69.41,73.47,78.03,83.57,90.95
nibp_map,Female,23,63.60,66.23,69.51,73.63,78.28,84.02,91.43
nibp_map,Female,24,63.67,66.30,69.61,73.79,78.53,84.47,91.91
nibp_map,Female,25,63.73,66.38,69.71,73.94,78.78,84.91,92.38
nibp_map,Female,26,63.80,66.46,69.80,74.10,79.03,85.34,92.84
nibp_map,Female,27,63.87,66.53,69.90,74.25,79.28,85.77,93.30
nibp_map,Female,28,63.93,66.61,70.00,74.40,79.52,86.19,93.75
nibp_map,Female,29,64.00,66.69,70.10,74.55,79.76,86.60,94.19
nibp_map,Female,30,64.07,66.76,70.19,74.70,80.00,87.00,94.62
nibp_map,Female,31,64.14,66.84,70.29,74.85,80.23,87.39,95.05
nibp_map,Female,32,64.21,66.92,70.39,75.00,80.46,87.76,95.46
nibp_map,Female,33,64.28,67.00,70.49,75.15,80.69,88.13,95.85
nibp_map,Female,34,64.36,67.08,70.58,75.29,80.91,88.48,96.24
nibp_map,Female,35,64.43,67.16,70.68,75.43,81.13,88.81,96.61
nibp_map,Female,36,64.51,67.24,70.78,75.57,81.34,89.13,96.97
nibp_map,Female,37,64.58,67.32,70.87,75.71,81.54,89.43,97.31
nibp_map,Female,38,64.66,67.41,70.97,75.84,81.74,89.72,97.63
nibp_map,Female,39,64.75,67.49,71.07,75.97,81.93,89.98,97.94
nibp_map,Female,40,64.83,67.57,71.16,76.10,82.12,90.23,98.23
nibp_map,Female,41,64.91,67.66,71.26,76.23,82.30,90.45,98.50
nibp_map,Female,42,65.00,67.74,71.35,76.35,82.48,90.66,98.75
nibp_map,Female,43,65.09,67.83,71.45,76.47,82.64,90.84,98.98
nibp_map,Female,44,65.18,67.92,71.55,76.59,82.80,91.00,99.19
nibp_map,Female,45,65.27,68.01,71.64,76.71,82.96,91.14,99.38
nibp_map,Female,46,65.37,68.10,71.74,76.82,83.10,91.27,99.56
nibp_map,Female,47,65.46,68.19,71.84,76.94,83.25,91.38,99.72
nibp_map,Female,48,65.56,68.28,71.94,77.05,83.39,91.48,99.86
nibp_map,Female,49,65.66,68.38,72.04,77.16,83.53,91.56,100.00
nibp_map,Female,50,65.77,68.48,72.15,77.28,83.67,91.63,100.13
nibp_map,Female,51,65.87,68.58,72.26,77.39,83.80,91.70,100.24
nibp_map,Female,52,65.98,68.69,72.37,77.51,83.94,91.76,100.35
nibp_map,Female,53,66.08,68.80,72.49,77.63,84.08,91.81,100.45
nibp_map,Female,54,66.19,68.92,72.61,77.75,84.22,91.86,100.55
nibp_map,Female,55,66.30,69.03,72.73,77.87,84.36,91.91,100.65
nibp_map,Female,56,66.42,69.16,72.86,78.00,84.50,91.96,100.75
nibp_map,Female,57,66.53,69.28,73.00,78.13,84.65,92.01,100.84
nibp_map,Female,58,66.65,69.42,73.14,78.27,84.80,92.07,100.94
nibp_map,Female,59,66.76,69.55,73.29,78.41,84.96,92.13,101.04
nibp_map,Female,60,66.88,69.70,73.45,78.56,85.12,92.19,101.14
nibp_map,Female,61,67.00,69.85,73.61,78.71,85.29,92.27,101.25
nibp_map,Female,62,67.12,70.00,73.78,78.87,85.47,92.35,101.37
nibp_map,Female,63,67.24,70.16,73.96,79.03,85.65,92.45,101.50
nibp_map,Female,64,67.37,70.33,74.15,79.21,85.85,92.56,101.64
nibp_map,Female,65,67.49,70.50,74.34,79.39,86.06,92.69,101.79
nibp_map,Female,66,67.62,70.68,74.55,79.58,86.27,92.84,101.95
nibp_map,Female,67,67.74,70.87,74.76,79.78,86.50,93.00,102.13
nibp_map,Female,68,67.87,71.07,74.98,79.99,86.74,93.18,102.33
nibp_map,Female,69,68.00,71.27,75.22,80.21,86.99,93.38,102.54
nibp_map,Female,70,68.13,71.48,75.46,80.43,87.25,93.60,102.76
nibp_map,Female,71,68.26,71.70,75.71,80.66,87.52,93.83,102.99
nibp_map,Female,72,68.39,71.92,75.96,80.90,87.80,94.08,103.24
nibp_map,Female,73,68.52,72.14,76.23,81.15,88.09,94.34,103.49
nibp_map,Female,74,68.66,72.38,76.50,81.40,88.38,94.61,103.76
nibp_map,Female,75,68.79,72.61,76.78,81.66,88.69,94.90,104.04
nibp_map,Female,76,68.93,72.85,77.06,81.92,89.00,95.20,104.33
nibp_map,Female,77,69.06,73.10,77.35,82.19,89.32,95.51,104.62
nibp_map,Female,78,69.20,73.35,77.65,82.46,89.64,95.83,104.93
nibp_map,Female,79,69.33,73.60,77.94,82.74,89.97,96.16,105.24
nibp_map,Female,80,69.47,73.86,78.25,83.03,90.31,96.50,105.56
nibp_map,Female,81,69.61,74.12,78.56,83.31,90.65,96.85,105.89
nibp_map,Female,82,69.75,74.38,78.87,83.60,90.99,97.20,106.22
nibp_map,Female,83,69.89,74.65,79.18,83.90,91.34,97.56,106.56
nibp_map,Female,84,70.02,74.92,79.50,84.19,91.69,97.93,106.90
nibp_map,Female,85,70.16,75.18,79.82,84.49,92.05,98.30,107.24
nibp_map,Female,86,70.30,75.46,80.14,84.79,92.40,98.67,107.59
nibp_map,Female,87,70.44,75.73,80.47,85.09,92.76,99.05,107.94
nibp_map,Female,88,70.58,76.00,80.79,85.39,93.12,99.43,108.29
nibp_map,Female,89,70.72,76.27,81.12,85.70,93.49,99.81,108.65
nibp_map,Female,90,70.86,76.55,81.44,86.00,93.85,100.20,109.00
nibp_map,Male,18,64.15,67.32,70.92,75.44,79.28,84.40,91.48
nibp_map,Male,19,64.24,67.43,71.06,75.60,79.64,84.95,92.11
nibp_map,Male,20,64.32,67.55,71.21,75.76,80.00,85.50,92.74
nibp_map,Male,21,64.41,67.66,71.35,75.92,80.36,86.05,93.37
nibp_map,Male,22,64.49,67.77,71.50,76.08,80.71,86.59,94.00
nibp_map,Male,23,64.58,67.89,71.64,76.23,81.07,87.12,94.62
nibp_map,Male,24,64.66,68.00,71.79,76.39,81.42,87.65,95.23
nibp_map,Male,25,64.75,68.11,71.93,76.54,81.76,88.18,95.84
nibp_map,Male,26,64.83,68.22,72.07,76.70,82.10,88.69,96.43
nibp_map,Male,27,64.92,68.33,72.21,76.85,82.43,89.20,97.01
nibp_map,Male,28,65.00,68.44,72.34,77.00,82.76,89.69,97.58
nibp_map,Male,29,65.08,68.54,72.48,77.15,83.08,90.17,98.14
nibp_map,Male,30,65.17,68.65,72.61,77.29,83.40,90.63,98.67
nibp_map,Male,31,65.25,68.75,72.74,77.44,83.70,91.09,99.20
nibp_map,Male,32,65.33,68.85,72.87,77.58,84.00,91.52,99.70
nibp_map,Male,33,65.41,68.95,72.99,77.72,84.29,91.94,100.18
nibp_map,Male,34,65.49,69.04,73.11,77.85,84.56,92.34,100.64
nibp_map,Male,35,65.57,69.13,73.22,77.99,84.83,92.71,101.08
nibp_map,Male,36,65.65,69.22,73.34,78.11,85.08,93.07,101.49
nibp_map,Male,37,65.72,69.31,73.45,78.24,85.32,93.40,101.88
nibp_map,Male,38,65.80,69.40,73.55,78.36,85.55,93.71,102.24
nibp_map,Male,39,65.88,69.48,73.65,78.48,85.76,94.00,102.57
nibp_map,Male,40,65.95,69.55,73.74,78.59,85.96,94.26,102.87
nibp_map,Male,41,66.02,69.63,73.83,78.70,86.14,94.49,103.14
nibp_map,Male,42,66.10,69.70,73.92,78.80,86.31,94.69,103.38
nibp_map,Male,43,66.17,69.76,74.00,78.90,86.46,94.86,103.58
nibp_map,Male,44,66.24,69.83,74.07,79.00,86.60,95.01,103.75
nibp_map,Male,45,66.31,69.89,74.14,79.09,86.72,95.13,103.89
nibp_map,Male,46,66.38,69.94,74.21,79.18,86.82,95.22,104.00
nibp_map,Male,47,66.45,70.00,74.27,79.26,86.92,95.29,104.08
nibp_map,Male,48,66.51,70.05,74.33,79.35,87.00,95.34,104.14
nibp_map,Male,49,66.58,70.11,74.39,79.43,87.07,95.37,104.18
nibp_map,Male,50,66.65,70.16,74.45,79.50,87.13,95.39,104.20
nibp_map,Male,51,66.72,70.22,74.50,79.58,87.18,95.39,104.20
nibp_map,Male,52,66.79,70.27,74.55,79.65,87.23,95.37,104.18
nibp_map,Male,53,66.86,70.33,74.61,79.73,87.26,95.35,104.15
nibp_map,Male,54,66.93,70.39,74.66,79.80,87.29,95.32,104.11
nibp_map,Male,55,67.00,70.45,74.71,79.87,87.32,95.28,104.06
nibp_map,Male,56,67.07,70.51,74.77,79.95,87.34,95.23,104.00
nibp_map,Male,57,67.15,70.58,74.82,80.02,87.36,95.19,103.94
nibp_map,Male,58,67.22,70.65,74.88,80.10,87.38,95.14,103.87
nibp_map,Male,59,67.30,70.72,74.94,80.17,87.39,95.09,103.80
nibp_map,Male,60,67.38,70.81,75.00,80.25,87.40,95.04,103.73
nibp_map,Male,61,67.46,70.89,75.07,80.33,87.42,95.00,103.66
nibp_map,Male,62,67.54,70.98,75.14,80.42,87.43,94.96,103.60
nibp_map,Male,63,67.63,71.08,75.21,80.51,87.45,94.94,103.55
nibp_map,Male,64,67.72,71.19,75.29,80.60,87.48,94.92,103.50
nibp_map,Male,65,67.81,71.30,75.37,80.69,87.50,94.92,103.47
nibp_map,Male,66,67.90,71.43,75.46,80.79,87.54,94.93,103.44
nibp_map,Male,67,68.00,71.56,75.56,80.89,87.57,94.95,103.44
nibp_map,Male,68,68.10,71.70,75.66,81.00,87.62,94.99,103.44
nibp_map,Male,69,68.20,71.84,75.77,81.11,87.67,95.05,103.46
nibp_map,Male,70,68.31,72.00,75.88,81.23,87.72,95.12,103.50
nibp_map,Male,71,68.42,72.16,76.00,81.35,87.79,95.20,103.55
nibp_map,Male,72,68.53,72.33,76.12,81.47,87.85,95.30,103.61
nibp_map,Male,73,68.64,72.51,76.25,81.60,87.92,95.41,103.68
nibp_map,Male,74,68.76,72.69,76.38,81.73,88.00,95.53,103.76
nibp_map,Male,75,68.87,72.88,76.52,81.86,88.08,95.65,103.85
nibp_map,Male,76,68.99,73.07,76.66,82.00,88.16,95.79,103.95
nibp_map,Male,77,69.11,73.27,76.81,82.14,88.25,95.94,104.06
nibp_map,Male,78,69.24,73.47,76.95,82.28,88.34,96.10,104.18
nibp_map,Male,79,69.36,73.68,77.10,82.43,88.44,96.27,104.30
nibp_map,Male,80,69.49,73.89,77.26,82.57,88.54,96.44,104.43
nibp_map,Male,81,69.61,74.11,77.41,82.72,88.64,96.62,104.57
nibp_map,Male,82,69.74,74.33,77.57,82.87,88.74,96.81,104.72
nibp_map,Male,83,69.87,74.55,77.73,83.02,88.84,97.00,104.87
nibp_map,Male,84,70.00,74.77,77.90,83.17,88.95,97.20,105.02
nibp_map,Male,85,70.13,75.00,78.06,83.33,89.06,97.40,105.18
nibp_map,Male,86,70.26,75.23,78.23,83.48,89.17,97.60,105.34
nibp_map,Male,87,70.39,75.46,78.39,83.64,89.28,97.81,105.50
nibp_map,Male,88,70.53,75.69,78.56,83.80,89.39,98.01,105.67
nibp_map,Male,89,70.66,75.92,78.73,83.95,89.50,98.22,105.83
nibp_map,Male,90,70.79,76.15,78.89,84.11,89.61,98.43,106.00
maint_twa,Female,18,63.82,66.98,69.85,73.54,77.74,83.09,89.50
maint_twa,Female,19,63.93,67.06,69.98,73.72,78.03,83.49,89.90
maint_twa,Female,20,64.03,67.14,70.10,73.91,78.31,83.90,90.29
maint_twa,Female,21,64.14,67.22,70.23,74.09,78.60,84.30,90.68
maint_twa,Female,22,64.24,67.30,70.35,74.27,78.89,84.71,91.07
maint_twa,Female,23,64.34,67.38,70.48,74.45,79.17,85.11,91.46
maint_twa,Female,24,64.45,67.46,70.60,74.63,79.46,85.50,91.84
maint_twa,Female,25,64.55,67.55,70.73,74.81,79.74,85.89,92.22
maint_twa,Female,26,64.66,67.63,70.85,74.99,80.01,86.28,92.60
maint_twa,Female,27,64.76,67.71,70.98,75.17,80.29,86.65,92.98
maint_twa,Female,28,64.87,67.79,71.10,75.34,80.56,87.03,93.34
maint_twa,Female,29,64.97,67.88,71.22,75.52,80.82,87.39,93.71
maint_twa,Female,30,65.08,67.96,71.34,75.69,81.08,87.74,94.07
maint_twa,Female,31,65.18,68.05,71.47,75.86,81.34,88.09,94.42
maint_twa,Female,32,65.28,68.13,71.59,76.03,81.59,88.42,94.77
maint_twa,Female,33,65.39,68.22,71.71,76.19,81.84,88.74,95.11
maint_twa,Female,34,65.49,68.31,71.83,76.36,82.08,89.05,95.44
maint_twa,Female,35,65.60,68.40,71.94,76.52,82.31,89.35,95.76
maint_twa,Female,36,65.70,68.49,72.06,76.67,82.53,89.63,96.07
maint_twa,Female,37,65.81,68.58,72.18,76.83,82.75,89.90,96.38
maint_twa,Female,38,65.91,68.68,72.29,76.98,82.96,90.16,96.67
maint_twa,Female,39,66.01,68.77,72.41,77.13,83.16,90.39,96.96
maint_twa,Female,40,66.12,68.87,72.52,77.27,83.36,90.61,97.23
maint_twa,Female,41,66.22,68.97,72.63,77.41,83.54,90.82,97.50
maint_twa,Female,42,66.33,69.07,72.74,77.55,83.72,91.00,97.75
maint_twa,Female,43,66.43,69.17,72.85,77.68,83.88,91.17,97.99
maint_twa,Female,44,66.53,69.28,72.96,77.81,84.04,91.31,98.22
maint_twa,Female,45,66.64,69.38,73.07,77.94,84.19,91.45,98.43
maint_twa,Female,46,66.74,69.49,73.18,78.06,84.33,91.56,98.64
maint_twa,Female,47,66.85,69.60,73.29,78.18,84.47,91.67,98.84
maint_twa,Female,48,66.95,69.72,73.40,78.31,84.60,91.76,99.03
maint_twa,Female,49,67.06,69.83,73.51,78.43,84.72,91.85,99.21
maint_twa,Female,50,67.17,69.95,73.63,78.56,84.85,91.92,99.39
maint_twa,Female,51,67.28,70.08,73.74,78.68,84.97,91.99,99.56
maint_twa,Female,52,67.39,70.21,73.86,78.81,85.10,92.06,99.73
maint_twa,Female,53,67.50,70.34,73.98,78.94,85.22,92.13,99.89
maint_twa,Female,54,67.61,70.47,74.11,79.08,85.34,92.19,100.05
maint_twa,Female,55,67.72,70.61,74.24,79.21,85.47,92.26,100.21
maint_twa,Female,56,67.84,70.75,74.38,79.36,85.60,92.33,100.36
maint_twa,Female,57,67.96,70.90,74.52,79.51,85.74,92.40,100.52
maint_twa,Female,58,68.08,71.05,74.67,79.67,85.88,92.48,100.67
maint_twa,Female,59,68.20,71.21,74.82,79.83,86.02,92.57,100.83
maint_twa,Female,60,68.32,71.37,74.98,80.00,86.18,92.67,100.99
maint_twa,Female,61,68.45,71.54,75.15,80.18,86.34,92.77,101.15
maint_twa,Female,62,68.57,71.72,75.33,80.37,86.51,92.90,101.31
maint_twa,Female,63,68.70,71.89,75.51,80.57,86.70,93.03,101.48
maint_twa,Female,64,68.84,72.08,75.70,80.78,86.89,93.19,101.65
maint_twa,Female,65,68.97,72.27,75.91,81.00,87.10,93.36,101.83
maint_twa,Female,66,69.11,72.47,76.12,81.24,87.32,93.55,102.02
maint_twa,Female,67,69.26,72.67,76.34,81.48,87.56,93.77,102.21
maint_twa,Female,68,69.40,72.88,76.57,81.74,87.81,94.00,102.42
maint_twa,Female,69,69.55,73.10,76.81,82.01,88.07,94.25,102.62
maint_twa,Female,70,69.70,73.32,77.06,82.30,88.35,94.53,102.84
maint_twa,Female,71,69.85,73.54,77.32,82.59,88.64,94.82,103.06
maint_twa,Female,72,70.01,73.77,77.59,82.89,88.94,95.13,103.29
maint_twa,Female,73,70.17,74.01,77.86,83.20,89.26,95.45,103.52
maint_twa,Female,74,70.33,74.25,78.14,83.53,89.58,95.79,103.76
maint_twa,Female,75,70.49,74.50,78.43,83.86,89.91,96.15,104.00
maint_twa,Female,76,70.65,74.75,78.73,84.20,90.25,96.52,104.25
maint_twa,Female,77,70.82,75.00,79.03,84.54,90.60,96.90,104.51
maint_twa,Female,78,70.99,75.25,79.33,84.89,90.96,97.29,104.76
maint_twa,Female,79,71.16,75.51,79.64,85.25,91.33,97.70,105.03
maint_twa,Female,80,71.33,75.78,79.96,85.62,91.70,98.11,105.29
maint_twa,Female,81,71.50,76.04,80.28,85.99,92.08,98.53,105.56
maint_twa,Female,82,71.68,76.31,80.60,86.36,92.47,98.96,105.83
maint_twa,Female,83,71.85,76.58,80.93,86.74,92.85,99.40,106.10
maint_twa,Female,84,72.02,76.85,81.26,87.13,93.25,99.85,106.38
maint_twa,Female,85,72.20,77.12,81.59,87.51,93.65,100.30,106.66
maint_twa,Female,86,72.38,77.40,81.93,87.90,94.05,100.75,106.93
maint_twa,Female,87,72.55,77.67,82.26,88.29,94.45,101.21,107.22
maint_twa,Female,88,72.73,77.95,82.60,88.69,94.86,101.67,107.50
maint_twa,Female,89,72.91,78.23,82.94,89.08,95.26,102.13,107.78
maint_twa,Female,90,73.09,78.50,83.28,89.48,95.67,102.60,108.06
maint_twa,Male,18,64.99,68.27,71.71,75.79,80.39,85.92,91.51
maint_twa,Male,19,65.11,68.38,71.85,76.02,80.77,86.37,92.11
maint_twa,Male,20,65.23,68.49,72.00,76.25,81.14,86.82,92.71
maint_twa,Male,21,65.35,68.60,72.14,76.48,81.52,87.27,93.30
maint_twa,Male,22,65.48,68.70,72.28,76.70,81.90,87.71,93.90
maint_twa,Male,23,65.60,68.81,72.42,76.93,82.27,88.15,94.49
maint_twa,Male,24,65.72,68.92,72.56,77.15,82.64,88.59,95.07
maint_twa,Male,25,65.84,69.03,72.69,77.38,83.00,89.02,95.64
maint_twa,Male,26,65.96,69.14,72.83,77.60,83.36,89.45,96.20
maint_twa,Male,27,66.08,69.24,72.97,77.81,83.71,89.87,96.75
maint_twa,Male,28,66.19,69.35,73.11,78.03,84.06,90.28,97.30
maint_twa,Male,29,66.31,69.46,73.24,78.24,84.40,90.68,97.82
maint_twa,Male,30,66.42,69.57,73.37,78.45,84.73,91.07,98.33
maint_twa,Male,31,66.54,69.67,73.51,78.65,85.05,91.45,98.83
maint_twa,Male,32,66.65,69.78,73.64,78.85,85.36,91.82,99.31
maint_twa,Male,33,66.76,69.89,73.77,79.04,85.66,92.17,99.77
maint_twa,Male,34,66.87,69.99,73.90,79.23,85.95,92.51,100.21
maint_twa,Male,35,66.98,70.10,74.03,79.42,86.23,92.84,100.62
maint_twa,Male,36,67.08,70.21,74.15,79.60,86.49,93.15,101.02
maint_twa,Male,37,67.19,70.31,74.27,79.77,86.74,93.45,101.39
maint_twa,Male,38,67.29,70.42,74.40,79.94,86.98,93.72,101.73
maint_twa,Male,39,67.39,70.53,74.52,80.10,87.20,93.98,102.05
maint_twa,Male,40,67.48,70.63,74.63,80.25,87.41,94.22,102.34
maint_twa,Male,41,67.58,70.74,74.75,80.40,87.60,94.44,102.59
maint_twa,Male,42,67.67,70.84,74.86,80.54,87.78,94.64,102.82
maint_twa,Male,43,67.76,70.95,74.97,80.67,87.93,94.81,103.02
maint_twa,Male,44,67.85,71.05,75.08,80.79,88.07,94.97,103.18
maint_twa,Male,45,67.93,71.16,75.19,80.91,88.19,95.10,103.32
maint_twa,Male,46,68.01,71.26,75.29,81.02,88.30,95.22,103.43
maint_twa,Male,47,68.09,71.37,75.39,81.12,88.40,95.32,103.52
maint_twa,Male,48,68.17,71.47,75.49,81.22,88.48,95.40,103.59
maint_twa,Male,49,68.25,71.58,75.59,81.32,88.55,95.47,103.63
maint_twa,Male,50,68.33,71.68,75.69,81.41,88.61,95.53,103.66
maint_twa,Male,51,68.40,71.79,75.79,81.49,88.66,95.57,103.68
maint_twa,Male,52,68.48,71.89,75.89,81.58,88.70,95.60,103.68
maint_twa,Male,53,68.55,72.00,75.98,81.66,88.73,95.63,103.67
maint_twa,Male,54,68.63,72.10,76.08,81.73,88.76,95.64,103.65
maint_twa,Male,55,68.71,72.21,76.18,81.81,88.78,95.65,103.63
maint_twa,Male,56,68.78,72.32,76.27,81.89,88.79,95.65,103.60
maint_twa,Male,57,68.86,72.42,76.37,81.96,88.80,95.64,103.58
maint_twa,Male,58,68.94,72.53,76.46,82.03,88.81,95.63,103.55
maint_twa,Male,59,69.02,72.64,76.56,82.11,88.82,95.62,103.52
maint_twa,Male,60,69.10,72.75,76.66,82.19,88.83,95.61,103.50
maint_twa,Male,61,69.18,72.86,76.75,82.26,88.84,95.60,103.49
maint_twa,Male,62,69.27,72.96,76.85,82.34,88.85,95.59,103.49
maint_twa,Male,63,69.35,73.07,76.95,82.42,88.86,95.58,103.49
maint_twa,Male,64,69.44,73.18,77.05,82.51,88.87,95.58,103.52
maint_twa,Male,65,69.54,73.30,77.16,82.60,88.89,95.58,103.55
maint_twa,Male,66,69.63,73.41,77.26,82.69,88.92,95.59,103.61
maint_twa,Male,67,69.73,73.52,77.37,82.78,88.95,95.60,103.68
maint_twa,Male,68,69.83,73.63,77.48,82.88,88.99,95.63,103.78
maint_twa,Male,69,69.94,73.75,77.59,82.99,89.03,95.66,103.89
maint_twa,Male,70,70.05,73.86,77.70,83.10,89.08,95.69,104.02
maint_twa,Male,71,70.16,73.98,77.81,83.21,89.13,95.73,104.17
maint_twa,Male,72,70.27,74.09,77.93,83.33,89.19,95.78,104.33
maint_twa,Male,73,70.38,74.21,78.04,83.45,89.26,95.83,104.51
maint_twa,Male,74,70.50,74.33,78.16,83.57,89.33,95.89,104.71
maint_twa,Male,75,70.62,74.45,78.28,83.69,89.40,95.95,104.91
maint_twa,Male,76,70.74,74.56,78.40,83.82,89.48,96.02,105.13
maint_twa,Male,77,70.87,74.68,78.52,83.95,89.56,96.09,105.36
maint_twa,Male,78,70.99,74.80,78.64,84.09,89.65,96.17,105.61
maint_twa,Male,79,71.12,74.92,78.76,84.22,89.74,96.25,105.86
maint_twa,Male,80,71.25,75.04,78.89,84.36,89.83,96.33,106.12
maint_twa,Male,81,71.38,75.16,79.01,84.50,89.92,96.42,106.39
maint_twa,Male,82,71.51,75.28,79.14,84.64,90.02,96.51,106.67
maint_twa,Male,83,71.64,75.40,79.27,84.78,90.12,96.60,106.95
maint_twa,Male,84,71.78,75.52,79.39,84.93,90.22,96.70,107.24
maint_twa,Male,85,71.91,75.64,79.52,85.07,90.32,96.79,107.54
maint_twa,Male,86,72.05,75.76,79.65,85.22,90.43,96.89,107.84
maint_twa,Male,87,72.18,75.89,79.77,85.36,90.53,96.99,108.14
maint_twa,Male,88,72.32,76.01,79.90,85.51,90.64,97.09,108.45
maint_twa,Male,89,72.45,76.13,80.03,85.66,90.74,97.19,108.76
maint_twa,Male,90,72.59,76.25,80.16,85.81,90.85,97.29,109.06
maint_sust5,Female,18,57.21,60.79,63.99,66.85,70.88,74.68,79.29
maint_sust5,Female,19,57.28,60.86,63.99,66.93,71.00,74.87,79.58
maint_sust5,Female,20,57.36,60.93,63.99,67.00,71.12,75.07,79.87
maint_sust5,Female,21,57.43,61.00,63.99,67.07,71.24,75.26,80.15
maint_sust5,Female,22,57.50,61.07,63.99,67.15,71.36,75.45,80.44
maint_sust5,Female,23,57.58,61.14,63.99,67.22,71.48,75.63,80.72
maint_sust5,Female,24,57.65,61.20,64.00,67.29,71.59,75.82,81.00
maint_sust5,Female,25,57.72,61.27,64.00,67.36,71.71,76.00,81.28
maint_sust5,Female,26,57.79,61.34,64.00,67.43,71.82,76.18,81.55
maint_sust5,Female,27,57.86,61.40,64.00,67.49,71.92,76.35,81.81
maint_sust5,Female,28,57.93,61.46,64.00,67.55,72.03,76.52,82.08
maint_sust5,Female,29,58.00,61.52,64.00,67.61,72.13,76.69,82.33
maint_sust5,Female,30,58.07,61.57,64.00,67.67,72.23,76.85,82.58
maint_sust5,Female,31,58.13,61.63,64.00,67.72,72.32,77.00,82.82
maint_sust5,Female,32,58.19,61.68,64.00,67.77,72.41,77.15,83.06
maint_sust5,Female,33,58.25,61.73,64.00,67.82,72.50,77.29,83.28
maint_sust5,Female,34,58.31,61.77,64.01,67.86,72.57,77.42,83.50
maint_sust5,Female,35,58.37,61.81,64.01,67.90,72.65,77.54,83.71
maint_sust5,Female,36,58.43,61.85,64.01,67.93,72.72,77.66,83.91
maint_sust5,Female,37,58.48,61.89,64.00,67.96,72.78,77.76,84.10
maint_sust5,Female,38,58.53,61.92,64.00,67.98,72.83,77.86,84.27
maint_sust5,Female,39,58.58,61.94,64.00,67.99,72.88,77.95,84.44
maint_sust5,Female,40,58.62,61.96,64.00,68.01,72.92,78.02,84.59
maint_sust5,Female,41,58.66,61.98,64.00,68.01,72.95,78.09,84.73
maint_sust5,Female,42,58.70,61.99,64.00,68.01,72.97,78.14,84.86
maint_sust5,Female,43,58.74,62.00,64.00,68.00,72.99,78.19,84.97
maint_sust5,Female,44,58.77,62.00,64.00,67.99,73.00,78.22,85.08
maint_sust5,Female,45,58.80,62.00,64.00,67.97,73.00,78.24,85.17
maint_sust5,Female,46,58.83,62.00,64.00,67.95,73.00,78.25,85.25
maint_sust5,Female,47,58.85,61.99,64.00,67.92,73.00,78.26,85.32
maint_sust5,Female,48,58.87,61.98,64.00,67.90,72.99,78.26,85.39
maint_sust5,Female,49,58.89,61.97,64.01,67.87,72.98,78.26,85.45
maint_sust5,Female,50,58.91,61.96,64.01,67.85,72.98,78.26,85.51
maint_sust5,Female,51,58.93,61.94,64.02,67.83,72.97,78.25,85.57
maint_sust5,Female,52,58.94,61.93,64.04,67.81,72.97,78.25,85.63
maint_sust5,Female,53,58.95,61.92,64.05,67.79,72.97,78.24,85.69
maint_sust5,Female,54,58.96,61.91,64.08,67.79,72.98,78.24,85.76
maint_sust5,Female,55,58.97,61.90,64.10,67.78,73.00,78.25,85.83
maint_sust5,Female,56,58.98,61.89,64.13,67.79,73.02,78.26,85.91
maint_sust5,Female,57,58.98,61.89,64.17,67.80,73.06,78.28,86.00
maint_sust5,Female,58,58.99,61.89,64.21,67.83,73.10,78.31,86.10
maint_sust5,Female,59,58.99,61.89,64.26,67.86,73.16,78.34,86.21
maint_sust5,Female,60,59.00,61.90,64.31,67.91,73.23,78.39,86.33
maint_sust5,Female,61,59.00,61.92,64.37,67.97,73.32,78.45,86.47
maint_sust5,Female,62,59.00,61.94,64.44,68.04,73.42,78.53,86.63
maint_sust5,Female,63,59.00,61.97,64.52,68.13,73.54,78.62,86.80
maint_sust5,Female,64,59.00,62.00,64.60,68.24,73.68,78.73,86.99
maint_sust5,Female,65,59.00,62.04,64.69,68.36,73.84,78.85,87.21
maint_sust5,Female,66,59.00,62.09,64.79,68.50,74.01,79.00,87.45
maint_sust5,Female,67,59.00,62.15,64.90,68.66,74.22,79.17,87.71
maint_sust5,Female,68,59.00,62.22,65.02,68.84,74.44,79.35,88.00
maint_sust5,Female,69,59.00,62.29,65.15,69.04,74.68,79.56,88.31
maint_sust5,Female,70,59.00,62.38,65.29,69.26,74.95,79.79,88.64
maint_sust5,Female,71,59.00,62.47,65.43,69.49,75.23,80.03,89.00
maint_sust5,Female,72,59.00,62.57,65.58,69.74,75.53,80.29,89.37
maint_sust5,Female,73,59.00,62.67,65.74,70.00,75.85,80.56,89.76
maint_sust5,Female,74,59.00,62.78,65.90,70.28,76.18,80.85,90.17
maint_sust5,Female,75,59.00,62.90,66.07,70.57,76.53,81.16,90.59
maint_sust5,Female,76,59.00,63.02,66.25,70.87,76.89,81.48,91.03
maint_sust5,Female,77,59.00,63.15,66.43,71.18,77.27,81.81,91.49
maint_sust5,Female,78,59.00,63.28,66.61,71.50,77.66,82.15,91.96
maint_sust5,Female,79,59.00,63.42,66.81,71.84,78.05,82.50,92.44
maint_sust5,Female,80,59.00,63.56,67.00,72.18,78.46,82.86,92.93
maint_sust5,Female,81,59.00,63.70,67.20,72.53,78.88,83.23,93.44
maint_sust5,Female,82,59.00,63.85,67.40,72.89,79.31,83.61,93.95
maint_sust5,Female,83,59.00,64.00,67.61,73.25,79.75,84.00,94.47
maint_sust5,Female,84,59.00,64.15,67.81,73.62,80.19,84.39,95.00
maint_sust5,Female,85,59.00,64.31,68.02,74.00,80.63,84.79,95.53
maint_sust5,Female,86,59.00,64.47,68.24,74.38,81.09,85.19,96.07
maint_sust5,Female,87,59.00,64.62,68.45,74.76,81.54,85.59,96.62
maint_sust5,Female,88,59.00,64.78,68.67,75.15,82.00,86.00,97.17
maint_sust5,Female,89,59.00,64.95,68.88,75.53,82.46,86.41,97.71
maint_sust5,Female,90,59.00,65.11,69.10,75.92,82.92,86.82,98.26
maint_sust5,Male,18,56.50,60.60,64.84,69.00,73.85,77.34,81.82
maint_sust5,Male,19,56.69,60.75,64.92,69.14,74.00,77.67,82.36
maint_sust5,Male,20,56.89,60.90,65.00,69.27,74.15,78.00,82.90
maint_sust5,Male,21,57.08,61.04,65.08,69.40,74.30,78.33,83.44
maint_sust5,Male,22,57.27,61.19,65.15,69.54,74.44,78.65,83.97
maint_sust5,Male,23,57.46,61.33,65.23,69.67,74.59,78.97,84.49
maint_sust5,Male,24,57.64,61.47,65.30,69.79,74.73,79.28,85.00
maint_sust5,Male,25,57.82,61.61,65.38,69.92,74.87,79.59,85.51
maint_sust5,Male,26,58.00,61.74,65.45,70.03,75.00,79.89,86.00
maint_sust5,Male,27,58.17,61.87,65.52,70.15,75.13,80.18,86.48
maint_sust5,Male,28,58.34,62.00,65.58,70.26,75.25,80.47,86.94
maint_sust5,Male,29,58.50,62.12,65.65,70.36,75.37,80.74,87.39
maint_sust5,Male,30,58.65,62.24,65.71,70.45,75.49,81.00,87.81
maint_sust5,Male,31,58.79,62.35,65.77,70.54,75.59,81.25,88.22
maint_sust5,Male,32,58.93,62.45,65.82,70.62,75.69,81.48,88.60
maint_sust5,Male,33,59.06,62.54,65.88,70.70,75.78,81.70,88.96
maint_sust5,Male,34,59.17,62.63,65.92,70.76,75.86,81.91,89.30
maint_sust5,Male,35,59.28,62.71,65.97,70.81,75.94,82.10,89.61
maint_sust5,Male,36,59.38,62.78,66.01,70.86,76.00,82.27,89.88
maint_sust5,Male,37,59.46,62.85,66.04,70.89,76.05,82.42,90.13
maint_sust5,Male,38,59.54,62.90,66.07,70.91,76.09,82.55,90.34
maint_sust5,Male,39,59.60,62.95,66.09,70.92,76.13,82.67,90.52
maint_sust5,Male,40,59.64,62.98,66.11,70.91,76.14,82.76,90.67
maint_sust5,Male,41,59.67,63.00,66.13,70.90,76.15,82.82,90.77
maint_sust5,Male,42,59.69,63.01,66.13,70.87,76.15,82.87,90.84
maint_sust5,Male,43,59.69,63.01,66.14,70.82,76.13,82.88,90.87
maint_sust5,Male,44,59.68,63.00,66.13,70.76,76.09,82.88,90.85
maint_sust5,Male,45,59.66,62.98,66.12,70.69,76.05,82.86,90.81
maint_sust5,Male,46,59.62,62.95,66.11,70.61,76.00,82.81,90.73
maint_sust5,Male,47,59.58,62.91,66.09,70.52,75.94,82.75,90.63
maint_sust5,Male,48,59.52,62.86,66.07,70.43,75.87,82.67,90.50
maint_sust5,Male,49,59.46,62.81,66.05,70.32,75.80,82.58,90.35
maint_sust5,Male,50,59.39,62.76,66.03,70.22,75.72,82.48,90.18
maint_sust5,Male,51,59.32,62.70,66.00,70.11,75.64,82.37,90.00
maint_sust5,Male,52,59.24,62.63,65.97,70.00,75.56,82.26,89.81
maint_sust5,Male,53,59.16,62.57,65.95,69.89,75.48,82.13,89.61
maint_sust5,Male,54,59.08,62.50,65.92,69.78,75.40,82.01,89.41
maint_sust5,Male,55,59.00,62.44,65.89,69.68,75.33,81.88,89.20
maint_sust5,Male,56,58.92,62.37,65.87,69.58,75.25,81.75,89.00
maint_sust5,Male,57,58.85,62.31,65.85,69.48,75.19,81.62,88.81
maint_sust5,Male,58,58.77,62.25,65.83,69.39,75.13,81.50,88.62
maint_sust5,Male,59,58.71,62.19,65.81,69.31,75.07,81.39,88.45
maint_sust5,Male,60,58.65,62.14,65.80,69.25,75.03,81.28,88.29
maint_sust5,Male,61,58.60,62.10,65.79,69.19,75.00,81.19,88.15
maint_sust5,Male,62,58.56,62.06,65.78,69.15,74.98,81.10,88.04
maint_sust5,Male,63,58.53,62.03,65.79,69.12,74.97,81.03,87.95
maint_sust5,Male,64,58.51,62.01,65.80,69.11,74.98,80.98,87.90
maint_sust5,Male,65,58.51,62.00,65.81,69.11,75.01,80.94,87.87
maint_sust5,Male,66,58.52,62.00,65.83,69.14,75.05,80.92,87.89
maint_sust5,Male,67,58.54,62.01,65.86,69.18,75.11,80.93,87.94
maint_sust5,Male,68,58.58,62.04,65.90,69.25,75.19,80.95,88.03
maint_sust5,Male,69,58.64,62.07,65.95,69.33,75.29,81.00,88.16
maint_sust5,Male,70,58.71,62.12,66.00,69.43,75.40,81.06,88.32
maint_sust5,Male,71,58.79,62.17,66.06,69.55,75.53,81.15,88.52
maint_sust5,Male,72,58.89,62.23,66.12,69.68,75.67,81.25,88.74
maint_sust5,Male,73,59.00,62.31,66.20,69.83,75.83,81.36,89.00
maint_sust5,Male,74,59.12,62.39,66.27,70.00,76.00,81.50,89.29
maint_sust5,Male,75,59.25,62.48,66.35,70.18,76.18,81.64,89.60
maint_sust5,Male,76,59.39,62.58,66.44,70.37,76.38,81.80,89.94
maint_sust5,Male,77,59.54,62.68,66.53,70.57,76.59,81.98,90.30
maint_sust5,Male,78,59.70,62.79,66.63,70.79,76.80,82.16,90.68
maint_sust5,Male,79,59.87,62.91,66.73,71.01,77.03,82.36,91.08
maint_sust5,Male,80,60.04,63.03,66.83,71.25,77.27,82.56,91.50
maint_sust5,Male,81,60.22,63.16,66.94,71.49,77.51,82.78,91.94
maint_sust5,Male,82,60.41,63.29,67.05,71.74,77.76,83.00,92.39
maint_sust5,Male,83,60.60,63.43,67.16,72.00,78.02,83.23,92.86
maint_sust5,Male,84,60.80,63.57,67.28,72.26,78.28,83.47,93.34
maint_sust5,Male,85,61.00,63.71,67.40,72.53,78.54,83.71,93.82
maint_sust5,Male,86,61.20,63.85,67.52,72.81,78.82,83.96,94.32
maint_sust5,Male,87,61.41,64.00,67.64,73.08,79.09,84.21,94.82
maint_sust5,Male,88,61.62,64.15,67.76,73.36,79.37,84.46,95.33
maint_sust5,Male,89,61.83,64.30,67.88,73.64,79.64,84.71,95.84
maint_sust5,Male,90,62.04,64.45,68.00,73.92,79.92,84.97,96.35
full_median,Female,18,63.78,66.62,69.80,73.56,77.47,82.92,89.06
full_median,Female,19,63.85,66.70,69.90,73.72,77.74,83.34,89.56
full_median,Female,20,63.93,66.77,70.00,73.89,78.00,83.76,90.05
full_median,Female,21,64.00,66.85,70.10,74.05,78.26,84.18,90.54
full_median,Female,22,64.07,66.92,70.20,74.21,78.53,84.59,91.03
full_median,Female,23,64.15,67.00,70.30,74.37,78.79,85.00,91.52
full_median,Female,24,64.23,67.08,70.40,74.53,79.05,85.41,92.00
full_median,Female,25,64.30,67.15,70.50,74.69,79.31,85.81,92.48
full_median,Female,26,64.38,67.23,70.60,74.84,79.56,86.21,92.95
full_median,Female,27,64.45,67.30,70.70,75.00,79.82,86.60,93.41
full_median,Female,28,64.53,67.38,70.80,75.16,80.07,86.98,93.87
full_median,Female,29,64.61,67.46,70.90,75.31,80.32,87.36,94.31
full_median,Female,30,64.68,67.53,71.00,75.46,80.57,87.72,94.75
full_median,Female,31,64.76,67.61,71.10,75.61,80.81,88.08,95.18
full_median,Female,32,64.84,67.69,71.20,75.76,81.05,88.43,95.60
full_median,Female,33,64.92,67.77,71.30,75.91,81.28,88.77,96.00
full_median,Female,34,65.00,67.85,71.40,76.05,81.52,89.10,96.39
full_median,Female,35,65.08,67.93,71.50,76.20,81.74,89.41,96.77
full_median,Female,36,65.16,68.01,71.60,76.34,81.97,89.71,97.13
full_median,Female,37,65.24,68.09,71.70,76.48,82.18,90.00,97.48
full_median,Female,38,65.33,68.17,71.80,76.61,82.40,90.27,97.81
full_median,Female,39,65.41,68.25,71.90,76.74,82.60,90.53,98.13
full_median,Female,40,65.50,68.33,72.00,76.87,82.80,90.77,98.42
full_median,Female,41,65.58,68.42,72.09,77.00,83.00,91.00,98.70
full_median,Female,42,65.67,68.50,72.19,77.12,83.19,91.20,98.96
full_median,Female,43,65.76,68.58,72.29,77.24,83.37,91.39,99.20
full_median,Female,44,65.85,68.67,72.39,77.36,83.55,91.57,99.41
full_median,Female,45,65.94,68.76,72.49,77.48,83.72,91.72,99.62
full_median,Female,46,66.03,68.85,72.58,77.59,83.89,91.87,99.80
full_median,Female,47,66.13,68.94,72.69,77.70,84.05,92.00,99.97
full_median,Female,48,66.22,69.03,72.79,77.82,84.21,92.12,100.13
full_median,Female,49,66.32,69.13,72.89,77.93,84.37,92.23,100.28
full_median,Female,50,66.42,69.23,73.00,78.05,84.53,92.34,100.41
full_median,Female,51,66.52,69.34,73.11,78.16,84.69,92.44,100.54
full_median,Female,52,66.63,69.44,73.22,78.28,84.85,92.53,100.66
full_median,Female,53,66.74,69.56,73.34,78.40,85.00,92.62,100.78
full_median,Female,54,66.85,69.67,73.46,78.53,85.16,92.72,100.90
full_median,Female,55,66.96,69.80,73.59,78.66,85.32,92.81,101.01
full_median,Female,56,67.08,69.92,73.72,78.80,85.49,92.90,101.12
full_median,Female,57,67.20,70.06,73.86,78.94,85.66,93.00,101.23
full_median,Female,58,67.32,70.20,74.00,79.08,85.83,93.10,101.35
full_median,Female,59,67.45,70.35,74.15,79.24,86.01,93.21,101.47
full_median,Female,60,67.58,70.50,74.30,79.40,86.19,93.33,101.59
full_median,Female,61,67.72,70.66,74.47,79.57,86.38,93.46,101.73
full_median,Female,62,67.86,70.83,74.64,79.74,86.58,93.60,101.87
full_median,Female,63,68.00,71.01,74.81,79.93,86.79,93.75,102.02
full_median,Female,64,68.15,71.19,75.00,80.13,87.00,93.92,102.19
full_median,Female,65,68.30,71.39,75.19,80.34,87.22,94.10,102.37
full_median,Female,66,68.46,71.59,75.40,80.55,87.46,94.30,102.56
full_median,Female,67,68.62,71.80,75.61,80.79,87.70,94.52,102.77
full_median,Female,68,68.79,72.03,75.83,81.03,87.96,94.76,103.00
full_median,Female,69,68.96,72.26,76.06,81.28,88.23,95.02,103.24
full_median,Female,70,69.13,72.50,76.30,81.54,88.50,95.29,103.50
full_median,Female,71,69.31,72.75,76.55,81.82,88.79,95.58,103.77
full_median,Female,72,69.49,73.00,76.80,82.10,89.08,95.89,104.05
full_median,Female,73,69.68,73.26,77.07,82.39,89.38,96.21,104.35
full_median,Female,74,69.87,73.53,77.33,82.69,89.69,96.54,104.66
full_median,Female,75,70.06,73.81,77.61,83.00,90.01,96.89,104.98
full_median,Female,76,70.26,74.09,77.89,83.32,90.33,97.25,105.31
full_median,Female,77,70.46,74.37,78.17,83.64,90.66,97.62,105.65
full_median,Female,78,70.66,74.67,78.46,83.97,91.00,98.00,106.00
full_median,Female,79,70.87,74.96,78.76,84.30,91.34,98.39,106.36
full_median,Female,80,71.07,75.26,79.06,84.64,91.69,98.79,106.72
full_median,Female,81,71.28,75.57,79.36,84.99,92.04,99.20,107.10
full_median,Female,82,71.49,75.88,79.67,85.34,92.40,99.61,107.47
full_median,Female,83,71.70,76.19,79.98,85.69,92.76,100.03,107.86
full_median,Female,84,71.92,76.51,80.30,86.05,93.12,100.46,108.25
full_median,Female,85,72.13,76.82,80.61,86.41,93.48,100.89,108.64
full_median,Female,86,72.35,77.14,80.93,86.77,93.85,101.33,109.04
full_median,Female,87,72.57,77.46,81.25,87.13,94.22,101.77,109.44
full_median,Female,88,72.78,77.78,81.57,87.50,94.59,102.21,109.84
full_median,Female,89,73.00,78.11,81.89,87.87,94.96,102.65,110.24
full_median,Female,90,73.22,78.43,82.21,88.23,95.33,103.09,110.65
full_median,Male,18,64.68,68.25,71.35,75.58,79.81,85.48,90.43
full_median,Male,19,64.81,68.36,71.52,75.79,80.21,86.00,91.20
full_median,Male,20,64.93,68.47,71.69,76.00,80.60,86.52,91.97
full_median,Male,21,65.05,68.57,71.86,76.21,81.00,87.03,92.74
full_median,Male,22,65.17,68.68,72.02,76.42,81.39,87.54,93.50
full_median,Male,23,65.30,68.79,72.19,76.62,81.78,88.05,94.26
full_median,Male,24,65.42,68.89,72.36,76.83,82.17,88.55,95.00
full_median,Male,25,65.54,69.00,72.52,77.03,82.55,89.04,95.73
full_median,Male,26,65.65,69.10,72.68,77.23,82.93,89.52,96.45
full_median,Male,27,65.77,69.21,72.84,77.43,83.30,90.00,97.15
full_median,Male,28,65.89,69.31,73.00,77.62,83.66,90.47,97.84
full_median,Male,29,66.00,69.41,73.16,77.81,84.02,90.92,98.50
full_median,Male,30,66.11,69.51,73.31,78.00,84.37,91.36,99.15
full_median,Male,31,66.22,69.61,73.46,78.18,84.70,91.79,99.77
full_median,Male,32,66.33,69.71,73.60,78.36,85.03,92.21,100.36
full_median,Male,33,66.43,69.81,73.74,78.54,85.35,92.60,100.93
full_median,Male,34,66.54,69.90,73.88,78.71,85.66,92.98,101.47
full_median,Male,35,66.63,69.99,74.02,78.87,85.95,93.35,101.97
full_median,Male,36,66.73,70.08,74.15,79.03,86.24,93.69,102.45
full_median,Male,37,66.82,70.17,74.27,79.19,86.51,94.01,102.89
full_median,Male,38,66.91,70.26,74.39,79.33,86.76,94.31,103.29
full_median,Male,39,67.00,70.34,74.51,79.47,87.00,94.59,103.65
full_median,Male,40,67.08,70.43,74.62,79.61,87.22,94.85,103.97
full_median,Male,41,67.16,70.50,74.72,79.73,87.43,95.08,104.24
full_median,Male,42,67.24,70.58,74.82,79.85,87.62,95.28,104.48
full_median,Male,43,67.31,70.66,74.91,79.97,87.79,95.46,104.66
full_median,Male,44,67.37,70.73,75.00,80.07,87.95,95.61,104.80
full_median,Male,45,67.44,70.80,75.08,80.17,88.09,95.74,104.90
full_median,Male,46,67.50,70.87,75.16,80.26,88.21,95.85,104.97
full_median,Male,47,67.56,70.93,75.23,80.35,88.32,95.93,105.00
full_median,Male,48,67.61,71.00,75.30,80.43,88.42,96.00,105.00
full_median,Male,49,67.67,71.07,75.37,80.51,88.50,96.05,104.98
full_median,Male,50,67.72,71.13,75.43,80.58,88.58,96.09,104.93
full_median,Male,51,67.78,71.20,75.49,80.65,88.64,96.11,104.86
full_median,Male,52,67.83,71.27,75.55,80.72,88.69,96.12,104.77
full_median,Male,53,67.89,71.34,75.61,80.79,88.74,96.12,104.67
full_median,Male,54,67.94,71.41,75.66,80.86,88.78,96.11,104.57
full_median,Male,55,68.00,71.48,75.72,80.93,88.81,96.10,104.45
full_median,Male,56,68.06,71.56,75.78,81.00,88.84,96.09,104.33
full_median,Male,57,68.12,71.64,75.84,81.07,88.86,96.07,104.22
full_median,Male,58,68.19,71.72,75.90,81.14,88.89,96.05,104.11
full_median,Male,59,68.26,71.81,75.96,81.22,88.90,96.03,104.00
full_median,Male,60,68.33,71.90,76.02,81.30,88.92,96.01,103.91
full_median,Male,61,68.41,72.00,76.09,81.38,88.94,96.00,103.82
full_median,Male,62,68.49,72.10,76.16,81.47,88.96,95.99,103.76
full_median,Male,63,68.58,72.21,76.23,81.56,88.98,96.00,103.72
full_median,Male,64,68.68,72.32,76.31,81.66,89.00,96.01,103.70
full_median,Male,65,68.78,72.44,76.39,81.77,89.03,96.03,103.71
full_median,Male,66,68.88,72.57,76.48,81.88,89.06,96.07,103.75
full_median,Male,67,69.00,72.70,76.57,82.00,89.10,96.12,103.83
full_median,Male,68,69.12,72.84,76.67,82.13,89.14,96.19,103.94
full_median,Male,69,69.25,72.99,76.78,82.26,89.19,96.27,104.08
full_median,Male,70,69.39,73.14,76.89,82.41,89.24,96.36,104.25
full_median,Male,71,69.53,73.30,77.00,82.56,89.30,96.47,104.45
full_median,Male,72,69.68,73.47,77.12,82.71,89.36,96.58,104.67
full_median,Male,73,69.83,73.64,77.24,82.87,89.43,96.71,104.92
full_median,Male,74,69.99,73.81,77.37,83.04,89.50,96.85,105.20
full_median,Male,75,70.16,73.99,77.50,83.21,89.57,97.00,105.50
full_median,Male,76,70.33,74.18,77.63,83.39,89.65,97.16,105.82
full_median,Male,77,70.50,74.37,77.77,83.57,89.73,97.33,106.16
full_median,Male,78,70.68,74.56,77.91,83.76,89.82,97.50,106.52
full_median,Male,79,70.86,74.76,78.06,83.95,89.91,97.68,106.90
full_median,Male,80,71.04,74.96,78.20,84.14,90.00,97.87,107.29
full_median,Male,81,71.23,75.16,78.35,84.34,90.09,98.07,107.70
full_median,Male,82,71.42,75.37,78.50,84.54,90.19,98.27,108.12
full_median,Male,83,71.61,75.58,78.66,84.74,90.28,98.48,108.55
full_median,Male,84,71.81,75.79,78.81,84.95,90.38,98.69,109.00
full_median,Male,85,72.01,76.00,78.97,85.16,90.48,98.91,109.45
full_median,Male,86,72.21,76.21,79.13,85.37,90.59,99.12,109.90
full_median,Male,87,72.41,76.43,79.28,85.58,90.69,99.35,110.37
full_median,Male,88,72.61,76.64,79.44,85.79,90.79,99.57,110.84
full_median,Male,89,72.81,76.86,79.60,86.00,90.90,99.79,111.31
full_median,Male,90,73.01,77.08,79.76,86.21,91.00,100.02,111.78
full_sust5,Female,18,57.95,60.79,63.98,66.76,70.59,74.62,79.01
full_sust5,Female,19,57.96,60.86,63.98,66.84,70.73,74.81,79.30
full_sust5,Female,20,57.96,60.93,63.98,66.92,70.87,75.00,79.58
full_sust5,Female,21,57.97,61.00,63.98,67.00,71.00,75.19,79.87
full_sust5,Female,22,57.97,61.07,63.99,67.08,71.13,75.37,80.16
full_sust5,Female,23,57.98,61.14,63.99,67.15,71.26,75.56,80.44
full_sust5,Female,24,57.98,61.21,63.99,67.23,71.39,75.74,80.72
full_sust5,Female,25,57.98,61.27,64.00,67.30,71.52,75.92,81.00
full_sust5,Female,26,57.99,61.34,64.00,67.38,71.65,76.09,81.27
full_sust5,Female,27,57.99,61.40,64.00,67.44,71.77,76.26,81.54
full_sust5,Female,28,58.00,61.47,64.00,67.51,71.89,76.43,81.80
full_sust5,Female,29,58.00,61.52,64.00,67.57,72.00,76.59,82.05
full_sust5,Female,30,58.00,61.58,64.01,67.63,72.11,76.74,82.30
full_sust5,Female,31,58.01,61.64,64.01,67.69,72.21,76.89,82.54
full_sust5,Female,32,58.01,61.69,64.01,67.74,72.31,77.03,82.78
full_sust5,Female,33,58.01,61.74,64.01,67.79,72.41,77.17,83.00
full_sust5,Female,34,58.01,61.78,64.01,67.84,72.50,77.29,83.22
full_sust5,Female,35,58.01,61.82,64.01,67.88,72.58,77.41,83.42
full_sust5,Female,36,58.02,61.86,64.01,67.91,72.66,77.52,83.62
full_sust5,Female,37,58.02,61.89,64.01,67.94,72.72,77.62,83.80
full_sust5,Female,38,58.02,61.92,64.01,67.97,72.79,77.71,83.97
full_sust5,Female,39,58.02,61.95,64.01,67.98,72.84,77.79,84.13
full_sust5,Female,40,58.02,61.97,64.01,68.00,72.88,77.86,84.28
full_sust5,Female,41,58.02,61.98,64.01,68.00,72.92,77.92,84.41
full_sust5,Female,42,58.01,61.99,64.00,68.00,72.95,77.97,84.53
full_sust5,Female,43,58.01,62.00,64.00,67.99,72.97,78.00,84.64
full_sust5,Female,44,58.01,62.00,64.00,67.98,72.98,78.02,84.73
full_sust5,Female,45,58.01,62.00,64.00,67.96,72.98,78.04,84.81
full_sust5,Female,46,58.00,61.99,64.00,67.94,72.98,78.04,84.88
full_sust5,Female,47,58.00,61.98,64.00,67.91,72.98,78.04,84.94
full_sust5,Female,48,58.00,61.97,64.00,67.88,72.97,78.03,85.00
full_sust5,Female,49,58.00,61.95,64.00,67.86,72.96,78.02,85.05
full_sust5,Female,50,58.00,61.94,64.01,67.83,72.95,78.01,85.10
full_sust5,Female,51,58.00,61.92,64.01,67.81,72.94,78.00,85.15
full_sust5,Female,52,58.00,61.91,64.03,67.79,72.94,77.98,85.19
full_sust5,Female,53,58.01,61.89,64.04,67.77,72.93,77.97,85.24
full_sust5,Female,54,58.01,61.88,64.06,67.76,72.94,77.97,85.29
full_sust5,Female,55,58.02,61.87,64.09,67.76,72.95,77.96,85.35
full_sust5,Female,56,58.03,61.86,64.12,67.76,72.97,77.97,85.41
full_sust5,Female,57,58.04,61.86,64.15,67.77,73.00,77.98,85.48
full_sust5,Female,58,58.06,61.85,64.19,67.79,73.04,78.00,85.56
full_sust5,Female,59,58.08,61.86,64.24,67.82,73.09,78.03,85.65
full_sust5,Female,60,58.10,61.87,64.29,67.87,73.16,78.08,85.76
full_sust5,Female,61,58.12,61.88,64.35,67.93,73.24,78.13,85.88
full_sust5,Female,62,58.15,61.90,64.42,68.00,73.34,78.21,86.01
full_sust5,Female,63,58.18,61.92,64.49,68.09,73.45,78.30,86.17
full_sust5,Female,64,58.22,61.96,64.58,68.19,73.59,78.40,86.34
full_sust5,Female,65,58.26,62.00,64.67,68.32,73.74,78.53,86.54
full_sust5,Female,66,58.30,62.05,64.77,68.46,73.92,78.68,86.76
full_sust5,Female,67,58.35,62.11,64.88,68.62,74.12,78.85,87.00
full_sust5,Female,68,58.40,62.18,65.00,68.80,74.34,79.04,87.27
full_sust5,Female,69,58.46,62.25,65.13,69.00,74.58,79.25,87.56
full_sust5,Female,70,58.52,62.34,65.26,69.21,74.84,79.48,87.87
full_sust5,Female,71,58.59,62.43,65.41,69.45,75.12,79.73,88.20
full_sust5,Female,72,58.66,62.53,65.56,69.70,75.42,80.00,88.55
full_sust5,Female,73,58.73,62.64,65.72,69.96,75.74,80.28,88.92
full_sust5,Female,74,58.81,62.75,65.89,70.24,76.07,80.58,89.30
full_sust5,Female,75,58.88,62.87,66.06,70.53,76.42,80.90,89.70
full_sust5,Female,76,58.97,63.00,66.24,70.84,76.78,81.23,90.12
full_sust5,Female,77,59.05,63.13,66.42,71.15,77.16,81.57,90.55
full_sust5,Female,78,59.14,63.26,66.61,71.48,77.55,81.93,91.00
full_sust5,Female,79,59.23,63.40,66.80,71.81,77.95,82.29,91.46
full_sust5,Female,80,59.32,63.55,67.00,72.16,78.36,82.67,91.93
full_sust5,Female,81,59.41,63.69,67.20,72.52,78.78,83.05,92.41
full_sust5,Female,82,59.51,63.85,67.41,72.88,79.21,83.44,92.90
full_sust5,Female,83,59.60,64.00,67.62,73.25,79.65,83.85,93.39
full_sust5,Female,84,59.70,64.16,67.83,73.62,80.10,84.25,93.90
full_sust5,Female,85,59.80,64.32,68.04,74.00,80.55,84.67,94.41
full_sust5,Female,86,59.90,64.48,68.26,74.38,81.00,85.08,94.92
full_sust5,Female,87,60.00,64.64,68.47,74.77,81.46,85.50,95.44
full_sust5,Female,88,60.10,64.81,68.69,75.16,81.92,85.93,95.96
full_sust5,Female,89,60.20,64.97,68.91,75.55,82.38,86.35,96.49
full_sust5,Female,90,60.30,65.14,69.13,75.94,82.85,86.78,97.01
full_sust5,Male,18,56.33,60.55,64.75,69.00,73.69,77.54,82.02
full_sust5,Male,19,56.50,60.70,64.83,69.12,73.84,77.82,82.50
full_sust5,Male,20,56.68,60.85,64.92,69.24,74.00,78.09,82.99
full_sust5,Male,21,56.86,61.00,65.00,69.35,74.15,78.36,83.46
full_sust5,Male,22,57.03,61.15,65.08,69.47,74.31,78.63,83.94
full_sust5,Male,23,57.20,61.29,65.17,69.58,74.46,78.90,84.40
full_sust5,Male,24,57.37,61.43,65.25,69.69,74.60,79.16,84.86
full_sust5,Male,25,57.54,61.57,65.33,69.80,74.75,79.42,85.32
full_sust5,Male,26,57.70,61.71,65.40,69.90,74.89,79.67,85.76
full_sust5,Male,27,57.85,61.84,65.48,70.00,75.02,79.91,86.19
full_sust5,Male,28,58.00,61.97,65.55,70.09,75.15,80.15,86.60
full_sust5,Male,29,58.14,62.09,65.62,70.18,75.28,80.38,87.00
full_sust5,Male,30,58.28,62.21,65.69,70.27,75.40,80.59,87.38
full_sust5,Male,31,58.41,62.32,65.75,70.34,75.51,80.80,87.75
full_sust5,Male,32,58.53,62.42,65.81,70.41,75.61,81.00,88.09
full_sust5,Male,33,58.64,62.52,65.86,70.47,75.71,81.19,88.42
full_sust5,Male,34,58.75,62.61,65.91,70.53,75.79,81.36,88.72
full_sust5,Male,35,58.84,62.69,65.96,70.57,75.87,81.52,89.00
full_sust5,Male,36,58.92,62.77,66.00,70.61,75.94,81.66,89.25
full_sust5,Male,37,58.99,62.83,66.04,70.63,76.00,81.79,89.48
full_sust5,Male,38,59.05,62.89,66.07,70.65,76.05,81.90,89.68
full_sust5,Male,39,59.10,62.93,66.09,70.65,76.08,82.00,89.84
full_sust5,Male,40,59.13,62.96,66.11,70.65,76.11,82.08,89.98
full_sust5,Male,41,59.16,62.99,66.12,70.63,76.12,82.14,90.08
full_sust5,Male,42,59.16,63.00,66.13,70.60,76.12,82.18,90.15
full_sust5,Male,43,59.15,63.00,66.13,70.55,76.10,82.20,90.18
full_sust5,Male,44,59.13,62.99,66.12,70.50,76.08,82.20,90.18
full_sust5,Male,45,59.10,62.97,66.10,70.43,76.04,82.18,90.15
full_sust5,Male,46,59.05,62.94,66.09,70.36,75.99,82.15,90.09
full_sust5,Male,47,59.00,62.90,66.06,70.27,75.93,82.11,90.01
full_sust5,Male,48,58.94,62.85,66.04,70.19,75.87,82.05,89.91
full_sust5,Male,49,58.87,62.80,66.01,70.09,75.80,81.98,89.78
full_sust5,Male,50,58.80,62.75,65.98,69.99,75.73,81.91,89.65
full_sust5,Male,51,58.72,62.69,65.94,69.90,75.65,81.82,89.50
full_sust5,Male,52,58.64,62.62,65.91,69.79,75.57,81.73,89.34
full_sust5,Male,53,58.56,62.56,65.87,69.69,75.49,81.64,89.17
full_sust5,Male,54,58.48,62.49,65.84,69.60,75.41,81.54,89.00
full_sust5,Male,55,58.40,62.43,65.81,69.50,75.33,81.44,88.83
full_sust5,Male,56,58.32,62.36,65.78,69.41,75.26,81.35,88.66
full_sust5,Male,57,58.25,62.30,65.75,69.32,75.19,81.25,88.50
full_sust5,Male,58,58.18,62.24,65.72,69.24,75.13,81.16,88.34
full_sust5,Male,59,58.12,62.18,65.70,69.17,75.07,81.08,88.20
full_sust5,Male,60,58.07,62.13,65.68,69.11,75.03,81.00,88.07
full_sust5,Male,61,58.03,62.09,65.67,69.06,74.99,80.93,87.96
full_sust5,Male,62,58.00,62.05,65.66,69.03,74.96,80.87,87.86
full_sust5,Male,63,57.98,62.02,65.66,69.00,74.95,80.83,87.79
full_sust5,Male,64,57.98,62.00,65.66,68.99,74.95,80.79,87.75
full_sust5,Male,65,57.99,61.99,65.68,69.00,74.97,80.78,87.73
full_sust5,Male,66,58.02,61.99,65.70,69.02,75.00,80.78,87.75
full_sust5,Male,67,58.07,62.00,65.73,69.07,75.05,80.80,87.80
full_sust5,Male,68,58.13,62.03,65.77,69.13,75.12,80.83,87.88
full_sust5,Male,69,58.21,62.06,65.81,69.21,75.20,80.88,88.00
full_sust5,Male,70,58.31,62.11,65.87,69.31,75.30,80.95,88.14
full_sust5,Male,71,58.42,62.16,65.93,69.42,75.41,81.04,88.32
full_sust5,Male,72,58.54,62.23,66.00,69.54,75.54,81.14,88.52
full_sust5,Male,73,58.68,62.30,66.08,69.68,75.68,81.25,88.75
full_sust5,Male,74,58.84,62.38,66.16,69.84,75.83,81.38,89.00
full_sust5,Male,75,59.00,62.47,66.25,70.00,76.00,81.52,89.28
full_sust5,Male,76,59.18,62.57,66.34,70.18,76.18,81.67,89.57
full_sust5,Male,77,59.36,62.67,66.44,70.37,76.36,81.83,89.89
full_sust5,Male,78,59.56,62.79,66.54,70.57,76.56,82.00,90.23
full_sust5,Male,79,59.76,62.90,66.65,70.78,76.77,82.18,90.58
full_sust5,Male,80,59.97,63.03,66.76,71.00,76.98,82.37,90.95
full_sust5,Male,81,60.20,63.15,66.88,71.23,77.20,82.57,91.33
full_sust5,Male,82,60.42,63.29,67.00,71.46,77.43,82.77,91.73
full_sust5,Male,83,60.66,63.42,67.12,71.70,77.66,82.98,92.14
full_sust5,Male,84,60.90,63.56,67.25,71.94,77.90,83.20,92.56
full_sust5,Male,85,61.14,63.71,67.37,72.19,78.14,83.42,92.98
full_sust5,Male,86,61.39,63.85,67.50,72.45,78.39,83.64,93.42
full_sust5,Male,87,61.64,64.00,67.63,72.70,78.64,83.87,93.86
full_sust5,Male,88,61.89,64.15,67.77,72.96,78.89,84.10,94.30
full_sust5,Male,89,62.14,64.30,67.90,73.22,79.15,84.33,94.75
full_sust5,Male,90,62.40,64.45,68.03,73.48,79.40,84.56,95.20
