var,sex,age,P3,P10,P25,P50,P75,P90,P97
nibp_map,Female,18,63.2869,65.8493,69.0229,72.8418,77.0000,81.7371,89.0000
nibp_map,Female,19,63.3500,65.9246,69.1207,73.0000,77.2572,82.1978,89.4894
nibp_map,Female,20,63.4132,66.0000,69.2185,73.1581,77.5142,82.6576,89.9780
nibp_map,Female,21,63.4765,66.0754,69.3163,73.3159,77.7705,83.1156,90.4648
nibp_map,Female,22,63.5401,66.1510,69.4141,73.4734,78.0259,83.5707,90.9490
nibp_map,Female,23,63.6041,66.2267,69.5119,73.6304,78.2801,84.0222,91.4297
nibp_map,Female,24,63.6685,66.3026,69.6096,73.7867,78.5328,84.4690,91.9061
nibp_map,Female,25,63.7334,66.3787,69.7073,73.9423,78.7837,84.9102,92.3773
nibp_map,Female,26,63.7989,66.4551,69.8049,74.0970,79.0324,85.3449,92.8424
nibp_map,Female,27,63.8652,66.5317,69.9025,74.2507,79.2787,85.7721,93.3006
nibp_map,Female,28,63.9321,66.6087,70.0000,74.4033,79.5223,86.1910,93.7509
nibp_map,Female,29,64.0000,66.6861,70.0974,74.5547,79.7628,86.6006,94.1926
nibp_map,Female,30,64.0688,66.7639,70.1948,74.7047,80.0000,87.0000,94.6247
nibp_map,Female,31,64.1386,66.8421,70.2920,74.8531,80.2336,87.3882,95.0463
nibp_map,Female,32,64.2096,66.9208,70.3892,75.0000,80.4632,87.7643,95.4567
nibp_map,Female,33,64.2818,67.0000,70.4862,75.1451,80.6885,88.1274,95.8550
nibp_map,Female,34,64.3552,67.0798,70.5832,75.2883,80.9093,88.4766,96.2402
nibp_map,Female,35,64.4301,67.1601,70.6800,75.4296,81.1253,88.8109,96.6115
nibp_map,Female,36,64.5064,67.2411,70.7767,75.5687,81.3360,89.1293,96.9680
nibp_map,Female,37,64.5843,67.3228,70.8732,75.7056,81.5413,89.4311,97.3089
nibp_map,Female,38,64.6638,67.4051,70.9696,75.8401,81.7409,89.7151,97.6333
nibp_map,Female,39,64.7450,67.4882,71.0659,75.9721,81.9344,89.9806,97.9404
nibp_map,Female,40,64.8281,67.5721,71.1620,76.1015,82.1215,90.2266,98.2292
nibp_map,Female,41,64.9131,67.6568,71.2579,76.2281,82.3019,90.4520,98.4989
nibp_map,Female,42,65.0000,67.7423,71.3537,76.3519,82.4753,90.6561,98.7486
nibp_map,Female,43,65.0890,67.8288,71.4494,76.4727,82.6416,90.8384,98.9779
nibp_map,Female,44,65.1800,67.9164,71.5453,76.5911,82.8015,91.0000,99.1878
nibp_map,Female,45,65.2730,68.0054,71.6418,76.7075,82.9556,91.1428,99.3799
nibp_map,Female,46,65.3680,68.0962,71.7394,76.8224,83.1048,91.2684,99.5557
nibp_map,Female,47,65.4649,68.1889,71.8384,76.9363,83.2499,91.3786,99.7166
nibp_map,Female,48,65.5637,68.2838,71.9394,77.0498,83.3916,91.4751,99.8642
nibp_map,Female,49,65.6643,68.3813,72.0426,77.1632,83.5308,91.5596,100.0000
nibp_map,Female,50,65.7667,68.4816,72.1485,77.2772,83.6682,91.6339,100.1254
nibp_map,Female,51,65.8708,68.5849,72.2575,77.3922,83.8047,91.6997,100.2421
nibp_map,Female,52,65.9767,68.6915,72.3701,77.5087,83.9409,91.7587,100.3514
nibp_map,Female,53,66.0842,68.8017,72.4865,77.6272,84.0778,91.8126,100.4548
nibp_map,Female,54,66.1934,68.9158,72.6074,77.7483,84.2161,91.8631,100.5540
nibp_map,Female,55,66.3041,69.0340,72.7329,77.8724,84.3566,91.9121,100.6503
nibp_map,Female,56,66.4165,69.1566,72.8637,78.0000,84.5000,91.9611,100.7454
nibp_map,Female,57,66.5303,69.2839,73.0000,78.1317,84.6472,92.0120,100.8406
nibp_map,Female,58,66.6456,69.4161,73.1423,78.2679,84.7990,92.0664,100.9375
nibp_map,Female,59,66.7624,69.5536,73.2910,78.4091,84.9561,92.1261,101.0376
nibp_map,Female,60,66.8805,69.6966,73.4466,78.5559,85.1193,92.1928,101.1424
nibp_map,Female,61,67.0000,69.8453,73.6093,78.7087,85.2895,92.2682,101.2534
nibp_map,Female,62,67.1208,70.0000,73.7797,78.8681,85.4674,92.3540,101.3721
nibp_map,Female,63,67.2429,70.1610,73.9581,79.0345,85.6538,92.4521,101.5000
nibp_map,Female,64,67.3662,70.3286,74.1450,79.2084,85.8495,92.5640,101.6386
nibp_map,Female,65,67.4908,70.5031,74.3408,79.3905,86.0553,92.6916,101.7894
nibp_map,Female,66,67.6164,70.6847,74.5458,79.5810,86.2719,92.8365,101.9540
nibp_map,Female,67,67.7432,70.8735,74.7604,79.7805,86.5000,93.0000,102.1333
nibp_map,Female,68,67.8711,71.0694,74.9843,79.9887,86.7393,93.1818,102.3273
nibp_map,Female,69,68.0000,71.2721,75.2170,80.2051,86.9892,93.3811,102.5352
nibp_map,Female,70,68.1299,71.4813,75.4583,80.4295,87.2494,93.5971,102.7564
nibp_map,Female,71,68.2607,71.6966,75.7076,80.6614,87.5193,93.8290,102.9903
nibp_map,Female,72,68.3924,71.9177,75.9646,80.9005,87.7984,94.0760,103.2363
nibp_map,Female,73,68.5249,72.1444,76.2289,81.1464,88.0863,94.3373,103.4936
nibp_map,Female,74,68.6582,72.3763,76.5000,81.3987,88.3824,94.6121,103.7617
nibp_map,Female,75,68.7922,72.6132,76.7776,81.6570,88.6863,94.8996,104.0400
nibp_map,Female,76,68.9270,72.8546,77.0612,81.9210,88.9975,95.1990,104.3278
nibp_map,Female,77,69.0624,73.1004,77.3505,82.1903,89.3155,95.5095,104.6244
nibp_map,Female,78,69.1984,73.3501,77.6451,82.4645,89.6398,95.8304,104.9293
nibp_map,Female,79,69.3350,73.6036,77.9445,82.7432,89.9700,96.1608,105.2418
nibp_map,Female,80,69.4721,73.8604,78.2483,83.0261,90.3055,96.5000,105.5613
nibp_map,Female,81,69.6096,74.1203,78.5562,83.3127,90.6458,96.8471,105.8871
nibp_map,Female,82,69.7476,74.3830,78.8677,83.6028,90.9905,97.2014,106.2186
nibp_map,Female,83,69.8859,74.6482,79.1824,83.8958,91.3392,97.5620,106.5552
nibp_map,Female,84,70.0246,74.9155,79.5000,84.1915,91.6912,97.9281,106.8962
nibp_map,Female,85,70.1635,75.1846,79.8200,84.4895,92.0461,98.2991,107.2410
nibp_map,Female,86,70.3027,75.4553,80.1420,84.7893,92.4035,98.6740,107.5890
nibp_map,Female,87,70.4421,75.7272,80.4656,85.0907,92.7628,99.0521,107.9395
nibp_map,Female,88,70.5816,76.0000,80.7905,85.3931,93.1235,99.4326,108.2920
nibp_map,Female,89,70.7212,76.2735,81.1161,85.6964,93.4853,99.8146,108.6457
nibp_map,Female,90,70.8608,76.5472,81.4421,86.0000,93.8475,100.1975,109.0000
nibp_map,Male,18,64.1533,67.3177,70.9162,75.4410,79.2813,84.4027,91.4782
nibp_map,Male,19,64.2387,67.4323,71.0627,75.6002,79.6410,84.9520,92.1123
nibp_map,Male,20,64.3241,67.5468,71.2090,75.7592,80.0000,85.5000,92.7449
nibp_map,Male,21,64.4094,67.6610,71.3548,75.9178,80.3576,86.0455,93.3746
nibp_map,Male,22,64.4946,67.7747,71.5000,76.0757,80.7131,86.5872,94.0000
nibp_map,Male,23,64.5796,67.8878,71.6443,76.2329,81.0658,87.1240,94.6196
nibp_map,Male,24,64.6643,68.0000,71.7874,76.3891,81.4151,87.6544,95.2321
nibp_map,Male,25,64.7488,68.1113,71.9293,76.5441,81.7601,88.1772,95.8358
nibp_map,Male,26,64.8329,68.2214,72.0695,76.6977,82.1003,88.6913,96.4295
nibp_map,Male,27,64.9167,68.3302,72.2080,76.8498,82.4349,89.1953,97.0117
nibp_map,Male,28,65.0000,68.4376,72.3445,77.0000,82.7633,89.6879,97.5808
nibp_map,Male,29,65.0829,68.5434,72.4787,77.1483,83.0847,90.1680,98.1356
nibp_map,Male,30,65.1652,68.6474,72.6105,77.2943,83.3984,90.6343,98.6744
nibp_map,Male,31,65.2470,68.7494,72.7396,77.4380,83.7037,91.0854,99.1960
nibp_map,Male,32,65.3282,68.8493,72.8657,77.5791,84.0000,91.5202,99.6988
nibp_map,Male,33,65.4087,68.9470,72.9888,77.7175,84.2865,91.9374,100.1815
nibp_map,Male,34,65.4885,69.0422,73.1085,77.8529,84.5626,92.3357,100.6425
nibp_map,Male,35,65.5675,69.1349,73.2246,77.9850,84.8276,92.7138,101.0804
nibp_map,Male,36,65.6458,69.2248,73.3369,78.1139,85.0806,93.0706,101.4939
nibp_map,Male,37,65.7232,69.3118,73.4452,78.2391,85.3212,93.4047,101.8813
nibp_map,Male,38,65.7997,69.3957,73.5493,78.3606,85.5485,93.7149,102.2414
nibp_map,Male,39,65.8753,69.4763,73.6489,78.4781,85.7619,94.0000,102.5726
nibp_map,Male,40,65.9499,69.5536,73.7438,78.5915,85.9606,94.2586,102.8736
nibp_map,Male,41,66.0234,69.6273,73.8338,78.7004,86.1440,94.4896,103.1428
nibp_map,Male,42,66.0959,69.6973,73.9186,78.8049,86.3114,94.6916,103.3788
nibp_map,Male,43,66.1673,69.7635,73.9982,78.9046,86.4624,94.8639,103.5808
nibp_map,Male,44,66.2377,69.8263,74.0729,79.0000,86.5976,95.0080,103.7503
nibp_map,Male,45,66.3074,69.8863,74.1432,79.0914,86.7180,95.1257,103.8894
nibp_map,Male,46,66.3764,69.9441,74.2097,79.1792,86.8245,95.2191,104.0000
nibp_map,Male,47,66.4451,70.0000,74.2726,79.2639,86.9182,95.2899,104.0843
nibp_map,Male,48,66.5134,70.0547,74.3327,79.3457,87.0000,95.3402,104.1444
nibp_map,Male,49,66.5818,70.1087,74.3903,79.4252,87.0708,95.3718,104.1823
nibp_map,Male,50,66.6502,70.1624,74.4459,79.5026,87.1317,95.3867,104.2001
nibp_map,Male,51,66.7189,70.2165,74.5000,79.5784,87.1836,95.3869,104.1999
nibp_map,Male,52,66.7880,70.2715,74.5531,79.6530,87.2274,95.3742,104.1837
nibp_map,Male,53,66.8578,70.3279,74.6057,79.7268,87.2641,95.3506,104.1537
nibp_map,Male,54,66.9284,70.3861,74.6583,79.8001,87.2947,95.3180,104.1118
nibp_map,Male,55,67.0000,70.4469,74.7113,79.8734,87.3202,95.2783,104.0602
nibp_map,Male,56,67.0727,70.5105,74.7652,79.9470,87.3414,95.2336,104.0010
nibp_map,Male,57,67.1468,70.5777,74.8206,80.0214,87.3594,95.1855,103.9361
nibp_map,Male,58,67.2224,70.6489,74.8778,80.0969,87.3752,95.1363,103.8678
nibp_map,Male,59,67.2997,70.7247,74.9375,80.1739,87.3896,95.0876,103.7980
nibp_map,Male,60,67.3789,70.8056,75.0000,80.2529,87.4037,95.0416,103.7288
nibp_map,Male,61,67.4601,70.8920,75.0659,80.3342,87.4184,95.0000,103.6624
nibp_map,Male,62,67.5435,70.9846,75.1356,80.4181,87.4348,94.9649,103.6007
nibp_map,Male,63,67.6293,71.0839,75.2096,80.5052,87.4536,94.9381,103.5459
nibp_map,Male,64,67.7177,71.1903,75.2884,80.5958,87.4760,94.9216,103.5000
nibp_map,Male,65,67.8088,71.3045,75.3726,80.6902,87.5028,94.9173,103.4651
nibp_map,Male,66,67.9029,71.4269,75.4625,80.7889,87.5351,94.9272,103.4432
nibp_map,Male,67,68.0000,71.5579,75.5585,80.8922,87.5736,94.9527,103.4361
nibp_map,Male,68,68.1001,71.6974,75.6605,81.0000,87.6183,94.9936,103.4434
nibp_map,Male,69,68.2030,71.8448,75.7683,81.1121,87.6688,95.0493,103.4647
nibp_map,Male,70,68.3086,72.0000,75.8815,81.2282,87.7249,95.1190,103.4992
nibp_map,Male,71,68.4169,72.1625,76.0000,81.3482,87.7863,95.2021,103.5463
nibp_map,Male,72,68.5275,72.3319,76.1234,81.4720,87.8528,95.2979,103.6054
nibp_map,Male,73,68.6405,72.5079,76.2515,81.5992,87.9241,95.4058,103.6759
nibp_map,Male,74,68.7557,72.6901,76.3841,81.7298,88.0000,95.5250,103.7571
nibp_map,Male,75,68.8730,72.8782,76.5208,81.8634,88.0801,95.6550,103.8483
nibp_map,Male,76,68.9922,73.0717,76.6614,82.0000,88.1642,95.7950,103.9491
nibp_map,Male,77,69.1132,73.2704,76.8057,82.1393,88.2521,95.9444,104.0587
nibp_map,Male,78,69.2359,73.4738,76.9534,82.2811,88.3434,96.1024,104.1765
nibp_map,Male,79,69.3601,73.6816,77.1042,82.4253,88.4380,96.2686,104.3018
nibp_map,Male,80,69.4858,73.8934,77.2579,82.5716,88.5354,96.4420,104.4341
nibp_map,Male,81,69.6127,74.1089,77.4141,82.7199,88.6356,96.6222,104.5727
nibp_map,Male,82,69.7408,74.3276,77.5728,82.8699,88.7381,96.8084,104.7170
nibp_map,Male,83,69.8700,74.5493,77.7335,83.0215,88.8428,97.0000,104.8663
nibp_map,Male,84,70.0000,74.7736,77.8960,83.1744,88.9493,97.1963,105.0201
nibp_map,Male,85,70.1308,75.0000,78.0601,83.3285,89.0575,97.3965,105.1776
nibp_map,Male,86,70.2623,75.2283,78.2255,83.4836,89.1670,97.6001,105.3383
nibp_map,Male,87,70.3943,75.4580,78.3920,83.6394,89.2775,97.8064,105.5015
nibp_map,Male,88,70.5267,75.6888,78.5592,83.7958,89.3889,98.0147,105.6666
nibp_map,Male,89,70.6593,75.9204,78.7270,83.9527,89.5007,98.2244,105.8330
nibp_map,Male,90,70.7920,76.1523,78.8950,84.1097,89.6129,98.4347,106.0000
nibp_sbp,Female,18,86.2157,90.4329,94.2685,99.5576,107.2091,115.4999,124.0264
nibp_sbp,Female,19,86.2720,90.4664,94.3843,99.7349,107.4069,115.7499,124.3187
nibp_sbp,Female,20,86.3284,90.5000,94.5000,99.9122,107.6047,115.9999,124.6113
nibp_sbp,Female,21,86.3851,90.5341,94.6156,100.0893,107.8024,116.2500,124.9045
nibp_sbp,Female,22,86.4423,90.5688,94.7310,100.2661,108.0000,116.5000,125.1987
nibp_sbp,Female,23,86.5000,90.6044,94.8462,100.4425,108.1974,116.7500,125.4940
nibp_sbp,Female,24,86.5584,90.6411,94.9610,100.6185,108.3946,117.0000,125.7909
nibp_sbp,Female,25,86.6178,90.6791,95.0755,100.7940,108.5915,117.2501,126.0897
nibp_sbp,Female,26,86.6781,90.7186,95.1896,100.9689,108.7881,117.5001,126.3906
nibp_sbp,Female,27,86.7396,90.7599,95.3031,101.1430,108.9844,117.7501,126.6939
nibp_sbp,Female,28,86.8024,90.8031,95.4160,101.3164,109.1802,118.0001,127.0000
nibp_sbp,Female,29,86.8666,90.8485,95.5284,101.4888,109.3757,118.2501,127.3092
nibp_sbp,Female,30,86.9324,90.8963,95.6400,101.6603,109.5706,118.5001,127.6217
nibp_sbp,Female,31,87.0000,90.9467,95.7509,101.8307,109.7650,118.7500,127.9379
nibp_sbp,Female,32,87.0695,91.0000,95.8610,102.0000,109.9589,119.0000,128.2581
nibp_sbp,Female,33,87.1409,91.0563,95.9702,102.1680,110.1521,119.2500,128.5826
nibp_sbp,Female,34,87.2146,91.1159,96.0784,102.3347,110.3447,119.4999,128.9117
nibp_sbp,Female,35,87.2906,91.1789,96.1857,102.5000,110.5365,119.7498,129.2457
nibp_sbp,Female,36,87.3690,91.2457,96.2918,102.6638,110.7277,119.9998,129.5849
nibp_sbp,Female,37,87.4500,91.3164,96.3969,102.8259,110.9180,120.2497,129.9296
nibp_sbp,Female,38,87.5338,91.3912,96.5007,102.9864,111.1075,120.4996,130.2802
nibp_sbp,Female,39,87.6205,91.4704,96.6033,103.1451,111.2961,120.7494,130.6369
nibp_sbp,Female,40,87.7102,91.5542,96.7046,103.3020,111.4838,120.9993,131.0000
nibp_sbp,Female,41,87.8031,91.6428,96.8044,103.4569,111.6705,121.2491,131.3699
nibp_sbp,Female,42,87.8994,91.7363,96.9029,103.6097,111.8563,121.4990,131.7468
nibp_sbp,Female,43,87.9991,91.8351,97.0000,103.7607,112.0412,121.7490,132.1310
nibp_sbp,Female,44,88.1024,91.9394,97.0967,103.9108,112.2265,122.0000,132.5226
nibp_sbp,Female,45,88.2095,92.0493,97.1942,104.0612,112.4136,122.2532,132.9217
nibp_sbp,Female,46,88.3204,92.1652,97.2934,104.2133,112.6039,122.5095,133.3282
nibp_sbp,Female,47,88.4353,92.2871,97.3957,104.3683,112.7989,122.7702,133.7421
nibp_sbp,Female,48,88.5543,92.4154,97.5020,104.5274,113.0000,123.0362,134.1636
nibp_sbp,Female,49,88.6776,92.5502,97.6134,104.6918,113.2086,123.3086,134.5927
nibp_sbp,Female,50,88.8053,92.6918,97.7312,104.8629,113.4262,123.5885,135.0293
nibp_sbp,Female,51,88.9375,92.8404,97.8563,105.0419,113.6542,123.8769,135.4736
nibp_sbp,Female,52,89.0743,92.9962,97.9900,105.2301,113.8940,124.1750,135.9255
nibp_sbp,Female,53,89.2159,93.1595,98.1334,105.4286,114.1470,124.4838,136.3851
nibp_sbp,Female,54,89.3624,93.3304,98.2874,105.6388,114.4148,124.8044,136.8524
nibp_sbp,Female,55,89.5139,93.5092,98.4534,105.8619,114.6986,125.1379,137.3274
nibp_sbp,Female,56,89.6706,93.6961,98.6323,106.0991,115.0000,125.4852,137.8102
nibp_sbp,Female,57,89.8326,93.8913,98.8253,106.3517,115.3204,125.8476,138.3008
nibp_sbp,Female,58,90.0000,94.0951,99.0335,106.6210,115.6611,126.2260,138.7993
nibp_sbp,Female,59,90.1729,94.3076,99.2580,106.9081,116.0237,126.6216,139.3056
nibp_sbp,Female,60,90.3516,94.5291,99.5000,107.2145,116.4096,127.0354,139.8199
nibp_sbp,Female,61,90.5360,94.7599,99.7605,107.5412,116.8201,127.4685,140.3421
nibp_sbp,Female,62,90.7264,95.0000,100.0407,107.8896,117.2568,127.9219,140.8722
nibp_sbp,Female,63,90.9228,95.2498,100.3417,108.2609,117.7210,128.3968,141.4104
nibp_sbp,Female,64,91.1254,95.5095,100.6646,108.6564,118.2142,128.8942,141.9566
nibp_sbp,Female,65,91.3344,95.7792,101.0104,109.0773,118.7378,129.4152,142.5109
nibp_sbp,Female,66,91.5498,96.0593,101.3804,109.5249,119.2933,129.9608,143.0732
nibp_sbp,Female,67,91.7718,96.3497,101.7753,110.0000,119.8816,130.5318,143.6437
nibp_sbp,Female,68,92.0000,96.6503,102.1944,110.5019,120.5018,131.1274,144.2219
nibp_sbp,Female,69,92.2343,96.9605,102.6366,111.0293,121.1524,131.7467,144.8076
nibp_sbp,Female,70,92.4743,97.2800,103.1008,111.5812,121.8322,132.3884,145.4004
nibp_sbp,Female,71,92.7199,97.6082,103.5862,112.1563,122.5398,133.0515,146.0000
nibp_sbp,Female,72,92.9706,97.9447,104.0915,112.7536,123.2736,133.7351,146.6060
nibp_sbp,Female,73,93.2263,98.2892,104.6157,113.3718,124.0324,134.4379,147.2181
nibp_sbp,Female,74,93.4866,98.6411,105.1578,114.0097,124.8148,135.1590,147.8360
nibp_sbp,Female,75,93.7514,99.0000,105.7167,114.6663,125.6194,135.8972,148.4593
nibp_sbp,Female,76,94.0202,99.3655,106.2914,115.3403,126.4448,136.6514,149.0877
nibp_sbp,Female,77,94.2929,99.7372,106.8808,116.0307,127.2896,137.4207,149.7209
nibp_sbp,Female,78,94.5692,100.1145,107.4839,116.7361,128.1524,138.2039,150.3584
nibp_sbp,Female,79,94.8487,100.4971,108.0996,117.4555,129.0318,139.0000,151.0000
nibp_sbp,Female,80,95.1313,100.8846,108.7269,118.1877,129.9265,139.8079,151.6453
nibp_sbp,Female,81,95.4166,101.2764,109.3647,118.9316,130.8351,140.6265,152.2941
nibp_sbp,Female,82,95.7044,101.6722,110.0120,119.6859,131.7561,141.4547,152.9458
nibp_sbp,Female,83,95.9944,102.0715,110.6676,120.4495,132.6883,142.2915,153.6003
nibp_sbp,Female,84,96.2863,102.4739,111.3307,121.2213,133.6301,143.1358,154.2572
nibp_sbp,Female,85,96.5798,102.8789,112.0000,122.0000,134.5803,143.9866,154.9161
nibp_sbp,Female,86,96.8748,103.2860,112.6746,122.7846,135.5374,144.8427,155.5766
nibp_sbp,Female,87,97.1708,103.6950,113.3534,123.5738,136.5000,145.7030,156.2386
nibp_sbp,Female,88,97.4676,104.1052,114.0354,124.3665,137.4668,146.5666,156.9015
nibp_sbp,Female,89,97.7650,104.5164,114.7194,125.1615,138.4364,147.4324,157.5652
nibp_sbp,Female,90,98.0627,104.9280,115.4045,125.9577,139.4073,148.2992,158.2291
nibp_sbp,Male,18,90.0025,93.3644,98.3182,105.8765,112.8728,122.7041,132.8210
nibp_sbp,Male,19,90.0000,93.4322,98.4092,106.0000,113.1869,123.0000,133.1610
nibp_sbp,Male,20,89.9975,93.5000,98.5000,106.1231,113.5000,123.2951,133.5000
nibp_sbp,Male,21,89.9951,93.5676,98.5906,106.2456,113.8110,123.5884,133.8369
nibp_sbp,Male,22,89.9929,93.6349,98.6807,106.3668,114.1189,123.8793,134.1706
nibp_sbp,Male,23,89.9910,93.7019,98.7702,106.4866,114.4225,124.1667,134.5001
nibp_sbp,Male,24,89.9893,93.7685,98.8589,106.6046,114.7210,124.4498,134.8244
nibp_sbp,Male,25,89.9879,93.8345,98.9468,106.7203,115.0132,124.7279,135.1424
nibp_sbp,Male,26,89.9869,93.9000,99.0336,106.8334,115.2981,125.0000,135.4530
nibp_sbp,Male,27,89.9864,93.9648,99.1193,106.9435,115.5746,125.2653,135.7553
nibp_sbp,Male,28,89.9864,94.0288,99.2036,107.0503,115.8418,125.5229,136.0481
nibp_sbp,Male,29,89.9869,94.0920,99.2864,107.1533,116.0985,125.7720,136.3304
nibp_sbp,Male,30,89.9881,94.1542,99.3676,107.2523,116.3437,126.0118,136.6012
nibp_sbp,Male,31,89.9899,94.2154,99.4470,107.3468,116.5764,126.2414,136.8594
nibp_sbp,Male,32,89.9925,94.2755,99.5244,107.4364,116.7955,126.4599,137.1039
nibp_sbp,Male,33,89.9958,94.3344,99.5998,107.5208,117.0000,126.6664,137.3338
nibp_sbp,Male,34,90.0000,94.3921,99.6729,107.5997,117.1888,126.8602,137.5479
nibp_sbp,Male,35,90.0051,94.4484,99.7437,107.6726,117.3610,127.0404,137.7453
nibp_sbp,Male,36,90.0111,94.5032,99.8120,107.7392,117.5154,127.2062,137.9248
nibp_sbp,Male,37,90.0182,94.5565,99.8775,107.7990,117.6510,127.3566,138.0854
nibp_sbp,Male,38,90.0263,94.6082,99.9402,107.8518,117.7667,127.4908,138.2261
nibp_sbp,Male,39,90.0355,94.6583,100.0000,107.8972,117.8616,127.6081,138.3458
nibp_sbp,Male,40,90.0459,94.7065,100.0566,107.9347,117.9345,127.7074,138.4435
nibp_sbp,Male,41,90.0576,94.7528,100.1100,107.9641,117.9845,127.7881,138.5181
nibp_sbp,Male,42,90.0705,94.7972,100.1599,107.9849,118.0105,127.8491,138.5685
nibp_sbp,Male,43,90.0848,94.8397,100.2064,107.9970,118.0120,127.8903,138.5945
nibp_sbp,Male,44,90.1009,94.8807,100.2500,108.0016,117.9913,127.9135,138.5981
nibp_sbp,Male,45,90.1190,94.9207,100.2914,108.0000,117.9509,127.9211,138.5825
nibp_sbp,Male,46,90.1397,94.9603,100.3313,107.9936,117.8937,127.9154,138.5503
nibp_sbp,Male,47,90.1632,95.0000,100.3702,107.9838,117.8224,127.8989,138.5046
nibp_sbp,Male,48,90.1899,95.0404,100.4090,107.9719,117.7398,127.8741,138.4483
nibp_sbp,Male,49,90.2203,95.0820,100.4482,107.9594,117.6485,127.8432,138.3842
nibp_sbp,Male,50,90.2547,95.1254,100.4885,107.9475,117.5514,127.8087,138.3153
nibp_sbp,Male,51,90.2935,95.1710,100.5307,107.9378,117.4511,127.7730,138.2444
nibp_sbp,Male,52,90.3370,95.2195,100.5753,107.9315,117.3504,127.7386,138.1746
nibp_sbp,Male,53,90.3857,95.2714,100.6231,107.9300,117.2521,127.7077,138.1086
nibp_sbp,Male,54,90.4399,95.3272,100.6747,107.9347,117.1588,127.6829,138.0495
nibp_sbp,Male,55,90.5000,95.3875,100.7308,107.9471,117.0734,127.6665,138.0000
nibp_sbp,Male,56,90.5664,95.4528,100.7921,107.9684,116.9985,127.6609,137.9631
nibp_sbp,Male,57,90.6394,95.5236,100.8593,108.0000,116.9369,127.6685,137.9418
nibp_sbp,Male,58,90.7195,95.6005,100.9329,108.0434,116.8913,127.6917,137.9389
nibp_sbp,Male,59,90.8071,95.6840,101.0138,108.0998,116.8645,127.7330,137.9573
nibp_sbp,Male,60,90.9024,95.7748,101.1025,108.1707,116.8593,127.7947,138.0000
nibp_sbp,Male,61,91.0059,95.8732,101.1998,108.2575,116.8783,127.8792,138.0698
nibp_sbp,Male,62,91.1180,95.9799,101.3062,108.3615,116.9243,127.9890,138.1697
nibp_sbp,Male,63,91.2390,96.0953,101.4226,108.4841,117.0000,128.1265,138.3025
nibp_sbp,Male,64,91.3693,96.2202,101.5495,108.6266,117.1082,128.2939,138.4712
nibp_sbp,Male,65,91.5093,96.3549,101.6876,108.7906,117.2516,128.4939,138.6786
nibp_sbp,Male,66,91.6595,96.5000,101.8376,108.9772,117.4330,128.7286,138.9278
nibp_sbp,Male,67,91.8199,96.6559,102.0000,109.1876,117.6543,129.0000,139.2207
nibp_sbp,Male,68,91.9904,96.8224,102.1744,109.4210,117.9146,129.3071,139.5564
nibp_sbp,Male,69,92.1704,96.9988,102.3604,109.6766,118.2123,129.6483,139.9329
nibp_sbp,Male,70,92.3596,97.1849,102.5574,109.9533,118.5455,130.0221,140.3485
nibp_sbp,Male,71,92.5576,97.3802,102.7648,110.2500,118.9126,130.4270,140.8012
nibp_sbp,Male,72,92.7638,97.5841,102.9822,110.5659,119.3120,130.8614,141.2892
nibp_sbp,Male,73,92.9779,97.7962,103.2090,110.8998,119.7419,131.3237,141.8106
nibp_sbp,Male,74,93.1993,98.0161,103.4448,111.2508,120.2006,131.8124,142.3636
nibp_sbp,Male,75,93.4278,98.2433,103.6889,111.6179,120.6864,132.3259,142.9464
nibp_sbp,Male,76,93.6628,98.4773,103.9408,112.0000,121.1977,132.8627,143.5570
nibp_sbp,Male,77,93.9039,98.7178,104.2001,112.3962,121.7327,133.4213,144.1936
nibp_sbp,Male,78,94.1506,98.9642,104.4662,112.8055,122.2898,134.0000,144.8544
nibp_sbp,Male,79,94.4026,99.2160,104.7386,113.2268,122.8672,134.5974,145.5375
nibp_sbp,Male,80,94.6594,99.4729,105.0168,113.6591,123.4632,135.2118,146.2410
nibp_sbp,Male,81,94.9205,99.7344,105.3002,114.1015,124.0762,135.8418,146.9630
nibp_sbp,Male,82,95.1856,100.0000,105.5883,114.5530,124.7045,136.4857,147.7018
nibp_sbp,Male,83,95.4542,100.2692,105.8806,115.0125,125.3463,137.1420,148.4555
nibp_sbp,Male,84,95.7258,100.5417,106.1765,115.4790,126.0000,137.8092,149.2222
nibp_sbp,Male,85,96.0000,100.8168,106.4757,115.9515,126.6639,138.4858,150.0000
nibp_sbp,Male,86,96.2764,101.0943,106.7774,116.4291,127.3362,139.1701,150.7871
nibp_sbp,Male,87,96.5545,101.3736,107.0812,116.9107,128.0154,139.8606,151.5816
nibp_sbp,Male,88,96.8340,101.6543,107.3866,117.3953,128.6996,140.5557,152.3817
nibp_sbp,Male,89,97.1143,101.9358,107.6930,117.8819,129.3872,141.2540,153.1856
nibp_sbp,Male,90,97.3951,102.2179,108.0000,118.3695,130.0765,141.9538,153.9913
nibp_dbp,Female,18,45.8563,49.2129,52.3853,54.3428,57.1938,61.8180,69.0812
nibp_dbp,Female,19,46.0864,49.3808,52.4991,54.5624,57.6012,62.4097,69.6523
nibp_dbp,Female,20,46.3162,49.5483,52.6127,54.7817,58.0079,63.0000,70.2219
nibp_dbp,Female,21,46.5453,49.7154,52.7261,55.0000,58.4129,63.5873,70.7888
nibp_dbp,Female,22,46.7733,49.8816,52.8390,55.2170,58.8154,64.1703,71.3514
nibp_dbp,Female,23,47.0000,50.0468,52.9514,55.4321,59.2146,64.7474,71.9084
nibp_dbp,Female,24,47.2249,50.2106,53.0631,55.6450,59.6098,65.3172,72.4584
nibp_dbp,Female,25,47.4478,50.3728,53.1739,55.8552,60.0000,65.8781,73.0000
nibp_dbp,Female,26,47.6683,50.5331,53.2838,56.0622,60.3845,66.4289,73.5317
nibp_dbp,Female,27,47.8860,50.6912,53.3925,56.2655,60.7624,66.9679,74.0523
nibp_dbp,Female,28,48.1006,50.8470,53.5000,56.4648,61.1329,67.4937,74.5602
nibp_dbp,Female,29,48.3117,51.0000,53.6061,56.6596,61.4952,68.0049,75.0540
nibp_dbp,Female,30,48.5191,51.1501,53.7106,56.8493,61.8485,68.5000,75.5324
nibp_dbp,Female,31,48.7223,51.2969,53.8135,57.0337,62.1920,68.9775,75.9940
nibp_dbp,Female,32,48.9210,51.4403,53.9145,57.2121,62.5248,69.4360,76.4373
nibp_dbp,Female,33,49.1149,51.5798,54.0136,57.3842,62.8461,69.8739,76.8610
nibp_dbp,Female,34,49.3037,51.7154,54.1106,57.5495,63.1551,70.2899,77.2636
nibp_dbp,Female,35,49.4869,51.8466,54.2053,57.7075,63.4509,70.6825,77.6437
nibp_dbp,Female,36,49.6642,51.9732,54.2976,57.8578,63.7329,71.0502,78.0000
nibp_dbp,Female,37,49.8354,52.0951,54.3875,58.0000,64.0000,71.3915,78.3310
nibp_dbp,Female,38,50.0000,52.2117,54.4746,58.1336,64.2516,71.7049,78.6354
nibp_dbp,Female,39,50.1577,52.3230,54.5590,58.2580,64.4867,71.9891,78.9116
nibp_dbp,Female,40,50.3082,52.4287,54.6404,58.3730,64.7046,72.2425,79.1584
nibp_dbp,Female,41,50.4510,52.5284,54.7187,58.4780,64.9045,72.4638,79.3743
nibp_dbp,Female,42,50.5860,52.6219,54.7939,58.5726,65.0855,72.6513,79.5580
nibp_dbp,Female,43,50.7128,52.7091,54.8657,58.6564,65.2471,72.8042,79.7085
nibp_dbp,Female,44,50.8315,52.7902,54.9343,58.7302,65.3900,72.9241,79.8271
nibp_dbp,Female,45,50.9426,52.8654,55.0000,58.7945,65.5152,73.0129,79.9158
nibp_dbp,Female,46,51.0462,52.9353,55.0629,58.8501,65.6235,73.0726,79.9763
nibp_dbp,Female,47,51.1426,53.0000,55.1233,58.8977,65.7161,73.1053,80.0106
nibp_dbp,Female,48,51.2321,53.0600,55.1813,58.9381,65.7939,73.1131,80.0205
nibp_dbp,Female,49,51.3150,53.1156,55.2371,58.9719,65.8579,73.0979,80.0078
nibp_dbp,Female,50,51.3915,53.1672,55.2910,59.0000,65.9090,73.0618,79.9743
nibp_dbp,Female,51,51.4619,53.2150,55.3431,59.0230,65.9482,73.0069,79.9221
nibp_dbp,Female,52,51.5265,53.2595,55.3937,59.0416,65.9764,72.9352,79.8528
nibp_dbp,Female,53,51.5856,53.3010,55.4429,59.0567,65.9948,72.8486,79.7685
nibp_dbp,Female,54,51.6394,53.3397,55.4909,59.0688,66.0042,72.7494,79.6708
nibp_dbp,Female,55,51.6882,53.3762,55.5380,59.0788,66.0056,72.6394,79.5617
nibp_dbp,Female,56,51.7323,53.4106,55.5843,59.0874,66.0000,72.5207,79.4430
nibp_dbp,Female,57,51.7720,53.4434,55.6301,59.0952,65.9884,72.3954,79.3166
nibp_dbp,Female,58,51.8075,53.4749,55.6755,59.1031,65.9717,72.2655,79.1844
nibp_dbp,Female,59,51.8391,53.5054,55.7207,59.1117,65.9509,72.1330,79.0481
nibp_dbp,Female,60,51.8670,53.5353,55.7660,59.1217,65.9270,72.0000,78.9097
nibp_dbp,Female,61,51.8917,53.5649,55.8115,59.1340,65.9010,71.8685,78.7709
nibp_dbp,Female,62,51.9132,53.5946,55.8575,59.1492,65.8739,71.7405,78.6338
nibp_dbp,Female,63,51.9320,53.6247,55.9041,59.1680,65.8465,71.6182,78.5000
nibp_dbp,Female,64,51.9482,53.6555,55.9515,59.1912,65.8200,71.5034,78.3715
nibp_dbp,Female,65,51.9621,53.6875,56.0000,59.2195,65.7952,71.3983,78.2501
nibp_dbp,Female,66,51.9741,53.7209,56.0497,59.2537,65.7732,71.3049,78.1377
nibp_dbp,Female,67,51.9844,53.7560,56.1009,59.2942,65.7547,71.2247,78.0358
nibp_dbp,Female,68,51.9930,53.7928,56.1534,59.3410,65.7397,71.1577,77.9442
nibp_dbp,Female,69,52.0000,53.8313,56.2072,59.3939,65.7282,71.1033,77.8626
nibp_dbp,Female,70,52.0055,53.8713,56.2623,59.4524,65.7200,71.0609,77.7904
nibp_dbp,Female,71,52.0097,53.9128,56.3186,59.5164,65.7148,71.0300,77.7272
nibp_dbp,Female,72,52.0124,53.9557,56.3760,59.5857,65.7126,71.0099,77.6727
nibp_dbp,Female,73,52.0139,54.0000,56.4346,59.6598,65.7132,71.0001,77.6262
nibp_dbp,Female,74,52.0142,54.0455,56.4941,59.7386,65.7164,71.0000,77.5874
nibp_dbp,Female,75,52.0134,54.0923,56.5546,59.8217,65.7221,71.0091,77.5559
nibp_dbp,Female,76,52.0115,54.1401,56.6160,59.9089,65.7301,71.0267,77.5311
nibp_dbp,Female,77,52.0085,54.1890,56.6783,60.0000,65.7403,71.0524,77.5126
nibp_dbp,Female,78,52.0047,54.2388,56.7413,60.0946,65.7526,71.0855,77.5000
nibp_dbp,Female,79,52.0000,54.2896,56.8050,60.1925,65.7666,71.1254,77.4928
nibp_dbp,Female,80,51.9945,54.3411,56.8694,60.2934,65.7824,71.1717,77.4906
nibp_dbp,Female,81,51.9883,54.3935,56.9344,60.3970,65.7998,71.2236,77.4929
nibp_dbp,Female,82,51.9815,54.4464,57.0000,60.5031,65.8185,71.2807,77.4992
nibp_dbp,Female,83,51.9741,54.5000,57.0660,60.6114,65.8385,71.3424,77.5092
nibp_dbp,Female,84,51.9662,54.5541,57.1325,60.7216,65.8595,71.4081,77.5223
nibp_dbp,Female,85,51.9579,54.6086,57.1993,60.8334,65.8815,71.4772,77.5381
nibp_dbp,Female,86,51.9492,54.6635,57.2664,60.9466,65.9043,71.5492,77.5562
nibp_dbp,Female,87,51.9403,54.7188,57.3338,61.0608,65.9277,71.6234,77.5761
nibp_dbp,Female,88,51.9311,54.7742,57.4013,61.1759,65.9515,71.6994,77.5973
nibp_dbp,Female,89,51.9218,54.8298,57.4690,61.2916,65.9757,71.7765,77.6194
nibp_dbp,Female,90,51.9124,54.8854,57.5367,61.4075,66.0000,71.8542,77.6420
nibp_dbp,Male,18,44.6944,48.5501,51.0735,53.7101,56.1472,61.1641,67.4457
nibp_dbp,Male,19,44.9867,48.7752,51.3058,54.0000,56.7215,61.9380,68.3395
nibp_dbp,Male,20,45.2785,49.0000,51.5378,54.2897,57.2949,62.7103,69.2313
nibp_dbp,Male,21,45.5696,49.2243,51.7693,54.5790,57.8664,63.4791,70.1188
nibp_dbp,Male,22,45.8595,49.4478,52.0000,54.8677,58.4351,64.2429,71.0000
nibp_dbp,Male,23,46.1479,49.6702,52.2297,55.1557,59.0000,65.0000,71.8728
nibp_dbp,Male,24,46.4344,49.8913,52.4580,55.4427,59.5602,65.7486,72.7350
nibp_dbp,Male,25,46.7185,50.1108,52.6848,55.7286,60.1147,66.4872,73.5845
nibp_dbp,Male,26,47.0000,50.3284,52.9097,56.0131,60.6626,67.2139,74.4193
nibp_dbp,Male,27,47.2784,50.5439,53.1325,56.2961,61.2030,67.9272,75.2373
nibp_dbp,Male,28,47.5533,50.7570,53.3530,56.5774,61.7348,68.6253,76.0362
nibp_dbp,Male,29,47.8244,50.9674,53.5708,56.8567,62.2572,69.3066,76.8141
nibp_dbp,Male,30,48.0912,51.1748,53.7858,57.1340,62.7693,69.9693,77.5687
nibp_dbp,Male,31,48.3534,51.3791,53.9976,57.4090,63.2700,70.6119,78.2981
nibp_dbp,Male,32,48.6107,51.5798,54.2059,57.6815,63.7584,71.2325,79.0000
nibp_dbp,Male,33,48.8625,51.7769,54.4106,57.9513,64.2337,71.8295,79.6724
nibp_dbp,Male,34,49.1086,51.9699,54.6114,58.2182,64.6947,72.4013,80.3132
nibp_dbp,Male,35,49.3485,52.1586,54.8079,58.4821,65.1407,72.9462,80.9202
nibp_dbp,Male,36,49.5818,52.3428,55.0000,58.7428,65.5706,73.4623,81.4914
nibp_dbp,Male,37,49.8083,52.5222,55.1873,59.0000,65.9835,73.9482,82.0246
nibp_dbp,Male,38,50.0274,52.6965,55.3697,59.2536,66.3785,74.4021,82.5177
nibp_dbp,Male,39,50.2388,52.8655,55.5468,59.5033,66.7546,74.8223,82.9687
nibp_dbp,Male,40,50.4422,53.0288,55.7184,59.7491,67.1109,75.2071,83.3753
nibp_dbp,Male,41,50.6371,53.1863,55.8841,59.9906,67.4465,75.5548,83.7356
nibp_dbp,Male,42,50.8231,53.3376,56.0439,60.2278,67.7603,75.8638,84.0474
nibp_dbp,Male,43,51.0000,53.4826,56.1974,60.4603,68.0517,76.1330,84.3093
nibp_dbp,Male,44,51.1679,53.6212,56.3446,60.6878,68.3209,76.3635,84.5233
nibp_dbp,Male,45,51.3270,53.7536,56.4856,60.9099,68.5684,76.5572,84.6919
nibp_dbp,Male,46,51.4775,53.8798,56.6203,61.1260,68.7946,76.7159,84.8179
nibp_dbp,Male,47,51.6197,54.0000,56.7490,61.3358,69.0000,76.8414,84.9039
nibp_dbp,Male,48,51.7537,54.1142,56.8715,61.5388,69.1851,76.9355,84.9525
nibp_dbp,Male,49,51.8798,54.2225,56.9879,61.7346,69.3503,77.0000,84.9664
nibp_dbp,Male,50,51.9982,54.3249,57.0983,61.9228,69.4961,77.0367,84.9482
nibp_dbp,Male,51,52.1091,54.4217,57.2026,62.1028,69.6230,77.0474,84.9007
nibp_dbp,Male,52,52.2128,54.5128,57.3010,62.2743,69.7314,77.0340,84.8263
nibp_dbp,Male,53,52.3095,54.5984,57.3935,62.4368,69.8218,76.9981,84.7278
nibp_dbp,Male,54,52.3993,54.6784,57.4801,62.5899,69.8946,76.9417,84.6079
nibp_dbp,Male,55,52.4825,54.7532,57.5608,62.7332,69.9504,76.8665,84.4692
nibp_dbp,Male,56,52.5593,54.8226,57.6356,62.8661,69.9896,76.7744,84.3143
nibp_dbp,Male,57,52.6300,54.8868,57.7047,62.9883,70.0125,76.6671,84.1459
nibp_dbp,Male,58,52.6947,54.9459,57.7681,63.0994,70.0198,76.5464,83.9666
nibp_dbp,Male,59,52.7538,55.0000,57.8257,63.1988,70.0119,76.4142,83.7791
nibp_dbp,Male,60,52.8073,55.0491,57.8777,63.2862,69.9892,76.2723,83.5860
nibp_dbp,Male,61,52.8555,55.0934,57.9241,63.3611,69.9522,76.1224,83.3901
nibp_dbp,Male,62,52.8987,55.1329,57.9648,63.4230,69.9014,75.9664,83.1938
nibp_dbp,Male,63,52.9370,55.1677,58.0000,63.4716,69.8372,75.8060,83.0000
nibp_dbp,Male,64,52.9707,55.1979,58.0297,63.5064,69.7601,75.6432,82.8112
nibp_dbp,Male,65,53.0000,55.2236,58.0539,63.5269,69.6706,75.4796,82.6301
nibp_dbp,Male,66,53.0251,55.2449,58.0726,63.5327,69.5691,75.3171,82.4593
nibp_dbp,Male,67,53.0463,55.2619,58.0860,63.5236,69.4561,75.1571,82.3010
nibp_dbp,Male,68,53.0636,55.2747,58.0941,63.5000,69.3320,75.0000,82.1551
nibp_dbp,Male,69,53.0773,55.2835,58.0973,63.4625,69.1974,74.8455,82.0212
nibp_dbp,Male,70,53.0876,55.2885,58.0958,63.4118,69.0527,74.6935,81.8986
nibp_dbp,Male,71,53.0945,55.2899,58.0898,63.3484,68.8985,74.5440,81.7868
nibp_dbp,Male,72,53.0983,55.2879,58.0795,63.2731,68.7351,74.3967,81.6853
nibp_dbp,Male,73,53.0991,55.2826,58.0652,63.1865,68.5631,74.2516,81.5936
nibp_dbp,Male,74,53.0971,55.2742,58.0470,63.0891,68.3829,74.1085,81.5110
nibp_dbp,Male,75,53.0925,55.2630,58.0252,62.9816,68.1950,73.9674,81.4371
nibp_dbp,Male,76,53.0854,55.2490,58.0000,62.8647,68.0000,73.8281,81.3714
nibp_dbp,Male,77,53.0760,55.2325,57.9717,62.7390,67.7982,73.6905,81.3132
nibp_dbp,Male,78,53.0644,55.2137,57.9404,62.6051,67.5902,73.5544,81.2620
nibp_dbp,Male,79,53.0509,55.1927,57.9065,62.4636,67.3765,73.4198,81.2174
nibp_dbp,Male,80,53.0355,55.1697,57.8700,62.3151,67.1575,73.2865,81.1787
nibp_dbp,Male,81,53.0185,55.1449,57.8313,62.1604,66.9337,73.1544,81.1454
nibp_dbp,Male,82,53.0000,55.1184,57.7906,62.0000,66.7055,73.0234,81.1170
nibp_dbp,Male,83,52.9802,55.0905,57.7481,61.8345,66.4735,72.8934,81.0929
nibp_dbp,Male,84,52.9592,55.0614,57.7040,61.6647,66.2382,72.7642,81.0726
nibp_dbp,Male,85,52.9372,55.0312,57.6585,61.4910,66.0000,72.6357,81.0555
nibp_dbp,Male,86,52.9144,55.0000,57.6119,61.3142,65.7594,72.5079,81.0412
nibp_dbp,Male,87,52.8910,54.9682,57.5644,61.1349,65.5169,72.3805,81.0290
nibp_dbp,Male,88,52.8670,54.9357,57.5163,60.9537,65.2729,72.2534,81.0184
nibp_dbp,Male,89,52.8427,54.9030,57.4677,60.7713,65.0280,72.1267,81.0089
nibp_dbp,Male,90,52.8183,54.8700,57.4188,60.5882,64.7826,72.0000,81.0000
hr,Female,18,62.4204,69.0000,76.5498,84.5419,93.9250,101.9021,110.0345
hr,Female,19,62.3054,68.7965,76.2749,84.2710,93.5689,101.5523,109.8320
hr,Female,20,62.1904,68.5930,76.0000,84.0000,93.2128,101.2022,109.6284
hr,Female,21,62.0750,68.3895,75.7253,83.7287,92.8565,100.8515,109.4226
hr,Female,22,61.9592,68.1862,75.4508,83.4569,92.5000,100.5000,109.2135
hr,Female,23,61.8429,67.9829,75.1765,83.1845,92.1433,100.1474,109.0000
hr,Female,24,61.7258,67.7797,74.9026,82.9113,91.7863,99.7934,108.7809
hr,Female,25,61.6078,67.5766,74.6290,82.6372,91.4289,99.4377,108.5553
hr,Female,26,61.4889,67.3737,74.3560,82.3620,91.0711,99.0802,108.3218
hr,Female,27,61.3687,67.1710,74.0835,82.0856,90.7128,98.7204,108.0796
hr,Female,28,61.2473,66.9684,73.8115,81.8078,90.3540,98.3581,107.8274
hr,Female,29,61.1245,66.7661,73.5403,81.5284,89.9946,97.9930,107.5641
hr,Female,30,61.0000,66.5640,73.2697,81.2474,89.6345,97.6250,107.2887
hr,Female,31,60.8738,66.3622,73.0000,80.9645,89.2737,97.2536,107.0000
hr,Female,32,60.7457,66.1607,72.7311,80.6796,88.9121,96.8786,106.6969
hr,Female,33,60.6157,65.9595,72.4632,80.3925,88.5497,96.4997,106.3784
hr,Female,34,60.4834,65.7586,72.1963,80.1032,88.1864,96.1167,106.0433
hr,Female,35,60.3488,65.5580,71.9304,79.8114,87.8221,95.7293,105.6905
hr,Female,36,60.2118,65.3578,71.6656,79.5169,87.4568,95.3371,105.3189
hr,Female,37,60.0722,65.1580,71.4021,79.2197,87.0904,94.9400,104.9275
hr,Female,38,59.9298,64.9587,71.1398,78.9195,86.7228,94.5377,104.5150
hr,Female,39,59.7845,64.7597,70.8789,78.6163,86.3541,94.1298,104.0804
hr,Female,40,59.6362,64.5612,70.6193,78.3099,85.9841,93.7161,103.6226
hr,Female,41,59.4848,64.3632,70.3612,78.0000,85.6128,93.2963,103.1405
hr,Female,42,59.3300,64.1657,70.1047,77.6866,85.2400,92.8702,102.6330
hr,Female,43,59.1718,63.9688,69.8497,77.3697,84.8660,92.4377,102.0997
hr,Female,44,59.0105,63.7726,69.5966,77.0498,84.4913,92.0000,101.5431
hr,Female,45,58.8466,63.5774,69.3456,76.7277,84.1166,91.5584,100.9665
hr,Female,46,58.6803,63.3834,69.0968,76.4041,83.7426,91.1142,100.3731
hr,Female,47,58.5121,63.1909,68.8506,76.0798,83.3702,90.6688,99.7662
hr,Female,48,58.3424,63.0000,68.6072,75.7556,83.0000,90.2237,99.1491
hr,Female,49,58.1716,62.8110,68.3667,75.4322,82.6328,89.7801,98.5250
hr,Female,50,58.0000,62.6242,68.1295,75.1103,82.2692,89.3395,97.8971
hr,Female,51,57.8280,62.4398,67.8957,74.7906,81.9102,88.9031,97.2688
hr,Female,52,57.6561,62.2580,67.6657,74.4740,81.5563,88.4725,96.6432
hr,Female,53,57.4846,62.0790,67.4395,74.1612,81.2083,88.0488,96.0237
hr,Female,54,57.3138,61.9030,67.2176,73.8529,80.8670,87.6336,95.4135
hr,Female,55,57.1443,61.7304,67.0000,73.5499,80.5330,87.2281,94.8158
hr,Female,56,56.9763,61.5613,66.7871,73.2529,80.2072,86.8338,94.2339
hr,Female,57,56.8103,61.3959,66.5790,72.9626,79.8903,86.4520,93.6710
hr,Female,58,56.6466,61.2346,66.3761,72.6799,79.5830,86.0840,93.1305
hr,Female,59,56.4857,61.0775,66.1784,72.4054,79.2859,85.7313,92.6155
hr,Female,60,56.3278,60.9248,65.9864,72.1399,79.0000,85.3951,92.1294
hr,Female,61,56.1735,60.7768,65.8001,71.8842,78.7259,85.0770,91.6753
hr,Female,62,56.0231,60.6337,65.6199,71.6390,78.4643,84.7781,91.2565
hr,Female,63,55.8770,60.4957,65.4459,71.4050,78.2160,84.5000,90.8764
hr,Female,64,55.7356,60.3632,65.2784,71.1831,77.9817,84.2439,90.5381
hr,Female,65,55.5992,60.2362,65.1177,70.9738,77.7621,84.0113,90.2449
hr,Female,66,55.4683,60.1151,64.9639,70.7781,77.5581,83.8035,90.0000
hr,Female,67,55.3430,60.0000,64.8173,70.5964,77.3700,83.6214,89.8058
hr,Female,68,55.2234,59.8907,64.6775,70.4283,77.1975,83.4644,89.6612
hr,Female,69,55.1092,59.7870,64.5444,70.2733,77.0398,83.3314,89.5638
hr,Female,70,55.0000,59.6885,64.4175,70.1307,76.8964,83.2213,89.5116
hr,Female,71,54.8957,59.5952,64.2967,70.0000,76.7664,83.1330,89.5023
hr,Female,72,54.7961,59.5066,64.1815,69.8806,76.6493,83.0654,89.5340
hr,Female,73,54.7008,59.4226,64.0718,69.7718,76.5444,83.0174,89.6043
hr,Female,74,54.6096,59.3429,63.9671,69.6732,76.4510,82.9880,89.7113
hr,Female,75,54.5223,59.2672,63.8673,69.5840,76.3684,82.9760,89.8526
hr,Female,76,54.4387,59.1954,63.7719,69.5037,76.2959,82.9804,90.0261
hr,Female,77,54.3585,59.1270,63.6808,69.4317,76.2329,83.0000,90.2298
hr,Female,78,54.2815,59.0620,63.5936,69.3675,76.1787,83.0338,90.4615
hr,Female,79,54.2073,59.0000,63.5099,69.3103,76.1325,83.0807,90.7189
hr,Female,80,54.1359,58.9408,63.4296,69.2597,76.0939,83.1396,91.0000
hr,Female,81,54.0668,58.8841,63.3522,69.2151,76.0620,83.2094,91.3026
hr,Female,82,54.0000,58.8297,63.2776,69.1757,76.0361,83.2890,91.6246
hr,Female,83,53.9351,58.7773,63.2053,69.1411,76.0157,83.3773,91.9637
hr,Female,84,53.8719,58.7267,63.1352,69.1107,76.0000,83.4732,92.3179
hr,Female,85,53.8102,58.6776,63.0668,69.0838,75.9884,83.5757,92.6850
hr,Female,86,53.7497,58.6297,63.0000,69.0599,75.9801,83.6837,93.0629
hr,Female,87,53.6901,58.5829,62.9344,69.0383,75.9746,83.7960,93.4494
hr,Female,88,53.6313,58.5369,62.8696,69.0186,75.9710,83.9116,93.8423
hr,Female,89,53.5730,58.4913,62.8055,69.0000,75.9689,84.0293,94.2395
hr,Female,90,53.5149,58.4460,62.7416,68.9820,75.9674,84.1482,94.6389
hr,Male,18,58.4154,66.1409,74.2046,82.2692,91.5749,102.3798,111.4663
hr,Male,19,58.3670,66.0000,74.0000,82.1349,91.5016,102.1904,111.2940
hr,Male,20,58.3183,65.8589,73.7951,82.0000,91.4272,102.0000,111.1206
hr,Male,21,58.2690,65.7175,73.5897,81.8638,91.3506,101.8077,110.9451
hr,Male,22,58.2186,65.5756,73.3836,81.7258,91.2706,101.6125,110.7665
hr,Male,23,58.1668,65.4331,73.1766,81.5852,91.1863,101.4134,110.5837
hr,Male,24,58.1134,65.2897,72.9682,81.4414,91.0965,101.2096,110.3958
hr,Male,25,58.0579,65.1454,72.7584,81.2939,91.0000,101.0000,110.2015
hr,Male,26,58.0000,65.0000,72.5469,81.1420,90.8958,100.7836,110.0000
hr,Male,27,57.9394,64.8533,72.3334,80.9851,90.7828,100.5596,109.7901
hr,Male,28,57.8757,64.7051,72.1178,80.8224,90.6599,100.3269,109.5709
hr,Male,29,57.8087,64.5553,71.8996,80.6535,90.5260,100.0846,109.3412
hr,Male,30,57.7378,64.4037,71.6788,80.4777,90.3799,99.8317,109.1001
hr,Male,31,57.6629,64.2502,71.4550,80.2943,90.2206,99.5673,108.8464
hr,Male,32,57.5836,64.0946,71.2280,80.1027,90.0469,99.2904,108.5792
hr,Male,33,57.4995,63.9367,70.9976,79.9023,89.8579,99.0000,108.2974
hr,Male,34,57.4103,63.7765,70.7634,79.6925,89.6522,98.6952,108.0000
hr,Male,35,57.3157,63.6136,70.5254,79.4726,89.4290,98.3750,107.6859
hr,Male,36,57.2152,63.4480,70.2832,79.2419,89.1870,98.0385,107.3541
hr,Male,37,57.1087,63.2795,70.0365,79.0000,88.9251,97.6847,107.0035
hr,Male,38,56.9957,63.1079,69.7852,78.7461,88.6423,97.3126,106.6331
hr,Male,39,56.8758,62.9331,69.5290,78.4796,88.3375,96.9212,106.2418
hr,Male,40,56.7488,62.7549,69.2676,78.1999,88.0095,96.5097,105.8287
hr,Male,41,56.6144,62.5732,69.0009,77.9063,87.6572,96.0770,105.3927
hr,Male,42,56.4721,62.3877,68.7284,77.5982,87.2796,95.6223,104.9326
hr,Male,43,56.3218,62.1985,68.4503,77.2754,86.8761,95.1450,104.4482
hr,Male,44,56.1641,62.0059,68.1672,76.9390,86.4487,94.6471,103.9412
hr,Male,45,56.0000,61.8104,67.8802,76.5904,86.0000,94.1311,103.4144
hr,Male,46,55.8302,61.6124,67.5901,76.2312,85.5325,93.5995,102.8701
hr,Male,47,55.6554,61.4126,67.2979,75.8627,85.0487,93.0547,102.3110
hr,Male,48,55.4767,61.2113,67.0046,75.4866,84.5512,92.4992,101.7397
hr,Male,49,55.2947,61.0090,66.7111,75.1043,84.0426,91.9355,101.1585
hr,Male,50,55.1103,60.8062,66.4184,74.7172,83.5254,91.3660,100.5702
hr,Male,51,54.9244,60.6034,66.1274,74.3269,83.0021,90.7934,99.9771
hr,Male,52,54.7377,60.4012,65.8392,73.9349,82.4754,90.2199,99.3820
hr,Male,53,54.5511,60.1999,65.5545,73.5425,81.9478,89.6481,98.7872
hr,Male,54,54.3654,60.0000,65.2745,73.1514,81.4218,89.0806,98.1955
hr,Male,55,54.1814,59.8021,65.0000,72.7629,80.9000,88.5196,97.6092
hr,Male,56,54.0000,59.6066,64.7320,72.3786,80.3849,87.9678,97.0309
hr,Male,57,53.8220,59.4140,64.4715,72.0000,79.8791,87.4277,96.4633
hr,Male,58,53.6481,59.2248,64.2193,71.6285,79.3852,86.9016,95.9088
hr,Male,59,53.4793,59.0395,63.9766,71.2656,78.9057,86.3921,95.3700
hr,Male,60,53.3164,58.8586,63.7441,70.9129,78.4431,85.9016,94.8494
hr,Male,61,53.1601,58.6825,63.5230,70.5717,78.0000,85.4326,94.3495
hr,Male,62,53.0113,58.5117,63.3140,70.2436,77.5790,84.9877,93.8730
hr,Male,63,52.8709,58.3467,63.1182,69.9300,77.1826,84.5692,93.4223
hr,Male,64,52.7396,58.1880,62.9366,69.6325,76.8134,84.1797,93.0000
hr,Male,65,52.6183,58.0362,62.7700,69.3524,76.4739,83.8216,92.6086
hr,Male,66,52.5078,57.8915,62.6195,69.0914,76.1666,83.4974,92.2507
hr,Male,67,52.4087,57.7545,62.4857,68.8505,75.8936,83.2089,91.9282
hr,Male,68,52.3208,57.6250,62.3682,68.6292,75.6539,82.9553,91.6402
hr,Male,69,52.2435,57.5025,62.2662,68.4267,75.4462,82.7351,91.3852
hr,Male,70,52.1764,57.3868,62.1791,68.2421,75.2689,82.5467,91.1617
hr,Male,71,52.1190,57.2776,62.1062,68.0746,75.1207,82.3886,90.9683
hr,Male,72,52.0707,57.1745,62.0467,67.9233,75.0000,82.2593,90.8033
hr,Male,73,52.0313,57.0772,62.0000,67.7874,74.9055,82.1574,90.6654
hr,Male,74,52.0000,56.9854,61.9653,67.6660,74.8356,82.0812,90.5530
hr,Male,75,51.9765,56.8988,61.9419,67.5582,74.7889,82.0292,90.4646
hr,Male,76,51.9603,56.8170,61.9292,67.4632,74.7641,82.0000,90.3987
hr,Male,77,51.9508,56.7398,61.9264,67.3802,74.7595,81.9920,90.3539
hr,Male,78,51.9477,56.6667,61.9327,67.3083,74.7738,82.0037,90.3285
hr,Male,79,51.9503,56.5976,61.9476,67.2466,74.8055,82.0337,90.3212
hr,Male,80,51.9583,56.5319,61.9703,67.1943,74.8532,82.0803,90.3304
hr,Male,81,51.9712,56.4695,62.0000,67.1506,74.9154,82.1420,90.3546
hr,Male,82,51.9884,56.4100,62.0361,67.1145,74.9907,82.2174,90.3923
hr,Male,83,52.0095,56.3531,62.0779,67.0852,75.0776,82.3050,90.4420
hr,Male,84,52.0339,56.2985,62.1246,67.0620,75.1746,82.4031,90.5022
hr,Male,85,52.0613,56.2458,62.1756,67.0438,75.2804,82.5104,90.5714
hr,Male,86,52.0911,56.1947,62.2301,67.0299,75.3934,82.6252,90.6481
hr,Male,87,52.1229,56.1449,62.2874,67.0195,75.5122,82.7461,90.7308
hr,Male,88,52.1561,56.0961,62.3469,67.0116,75.6353,82.8715,90.8180
hr,Male,89,52.1902,56.0479,62.4078,67.0053,75.7614,83.0000,90.9083
hr,Male,90,52.2249,56.0000,62.4694,67.0000,75.8889,83.1300,91.0000
etco2,Female,18,32.0451,34.2093,36.0000,37.0002,39.0451,41.9145,44.6258
etco2,Female,19,32.0397,34.1568,35.9474,37.0002,39.0414,41.9275,44.7204
etco2,Female,20,32.0344,34.1043,35.8950,37.0001,39.0378,41.9404,44.8145
etco2,Female,21,32.0291,34.0520,35.8428,37.0001,39.0341,41.9531,44.9078
etco2,Female,22,32.0239,34.0000,35.7910,37.0001,39.0306,41.9655,45.0000
etco2,Female,23,32.0188,33.9484,35.7397,37.0001,39.0271,41.9775,45.0906
etco2,Female,24,32.0138,33.8973,35.6891,37.0000,39.0237,41.9890,45.1792
etco2,Female,25,32.0090,33.8467,35.6392,37.0000,39.0205,42.0000,45.2654
etco2,Female,26,32.0044,33.7968,35.5903,37.0000,39.0174,42.0102,45.3489
etco2,Female,27,32.0000,33.7477,35.5424,37.0000,39.0144,42.0197,45.4292
etco2,Female,28,31.9959,33.6995,35.4956,37.0000,39.0117,42.0283,45.5059
etco2,Female,29,31.9920,33.6522,35.4502,37.0000,39.0091,42.0359,45.5787
etco2,Female,30,31.9884,33.6060,35.4062,37.0000,39.0067,42.0424,45.6471
etco2,Female,31,31.9851,33.5610,35.3638,37.0000,39.0046,42.0477,45.7108
etco2,Female,32,31.9822,33.5172,35.3230,37.0000,39.0028,42.0517,45.7694
etco2,Female,33,31.9797,33.4748,35.2841,37.0000,39.0013,42.0544,45.8224
etco2,Female,34,31.9776,33.4338,35.2472,37.0000,39.0000,42.0556,45.8695
etco2,Female,35,31.9759,33.3944,35.2123,37.0000,38.9991,42.0552,45.9103
etco2,Female,36,31.9747,33.3566,35.1796,37.0001,38.9985,42.0531,45.9443
etco2,Female,37,31.9740,33.3205,35.1493,37.0001,38.9983,42.0493,45.9713
etco2,Female,38,31.9737,33.2863,35.1214,37.0001,38.9984,42.0435,45.9907
etco2,Female,39,31.9741,33.2540,35.0961,37.0002,38.9990,42.0359,46.0022
etco2,Female,40,31.9750,33.2237,35.0736,37.0002,39.0000,42.0261,46.0055
etco2,Female,41,31.9764,33.1956,35.0540,37.0003,39.0014,42.0142,46.0000
etco2,Female,42,31.9786,33.1697,35.0373,37.0004,39.0033,42.0000,45.9854
etco2,Female,43,31.9813,33.1460,35.0237,37.0005,39.0057,41.9835,45.9616
etco2,Female,44,31.9844,33.1246,35.0129,37.0004,39.0084,41.9646,45.9289
etco2,Female,45,31.9879,33.1053,35.0047,37.0000,39.0112,41.9435,45.8880
etco2,Female,46,31.9913,33.0880,34.9989,36.9992,39.0139,41.9202,45.8396
etco2,Female,47,31.9946,33.0726,34.9950,36.9978,39.0164,41.8947,45.7844
etco2,Female,48,31.9976,33.0590,34.9930,36.9956,39.0186,41.8670,45.7230
etco2,Female,49,32.0000,33.0471,34.9925,36.9926,39.0201,41.8373,45.6560
etco2,Female,50,32.0016,33.0367,34.9932,36.9885,39.0209,41.8055,45.5842
etco2,Female,51,32.0023,33.0279,34.9948,36.9832,39.0208,41.7718,45.5081
etco2,Female,52,32.0018,33.0204,34.9972,36.9766,39.0196,41.7361,45.4285
etco2,Female,53,32.0000,33.0142,35.0000,36.9684,39.0170,41.6985,45.3460
etco2,Female,54,31.9966,33.0092,35.0030,36.9587,39.0131,41.6591,45.2612
etco2,Female,55,31.9914,33.0052,35.0058,36.9471,39.0074,41.6179,45.1748
etco2,Female,56,31.9843,33.0022,35.0083,36.9336,39.0000,41.5749,45.0876
etco2,Female,57,31.9750,33.0000,35.0101,36.9180,38.9906,41.5302,45.0000
etco2,Female,58,31.9633,32.9986,35.0110,36.9001,38.9790,41.4839,44.9128
etco2,Female,59,31.9491,32.9978,35.0107,36.8798,38.9650,41.4359,44.8267
etco2,Female,60,31.9321,32.9976,35.0089,36.8570,38.9486,41.3864,44.7423
etco2,Female,61,31.9121,32.9978,35.0055,36.8315,38.9294,41.3354,44.6602
etco2,Female,62,31.8889,32.9983,35.0000,36.8032,38.9074,41.2829,44.5812
etco2,Female,63,31.8624,32.9991,34.9923,36.7718,38.8823,41.2289,44.5058
etco2,Female,64,31.8323,33.0000,34.9820,36.7373,38.8539,41.1737,44.4348
etco2,Female,65,31.7984,33.0009,34.9689,36.6995,38.8222,41.1170,44.3688
etco2,Female,66,31.7605,33.0017,34.9528,36.6582,38.7869,41.0591,44.3084
etco2,Female,67,31.7186,33.0024,34.9334,36.6134,38.7478,41.0000,44.2541
etco2,Female,68,31.6726,33.0028,34.9107,36.5651,38.7052,40.9397,44.2060
etco2,Female,69,31.6228,33.0031,34.8850,36.5135,38.6591,40.8782,44.1636
etco2,Female,70,31.5693,33.0032,34.8564,36.4588,38.6097,40.8157,44.1267
etco2,Female,71,31.5123,33.0032,34.8250,36.4010,38.5572,40.7522,44.0951
etco2,Female,72,31.4521,33.0030,34.7910,36.3405,38.5018,40.6876,44.0685
etco2,Female,73,31.3887,33.0026,34.7544,36.2772,38.4434,40.6222,44.0466
etco2,Female,74,31.3223,33.0022,34.7155,36.2113,38.3825,40.5559,44.0292
etco2,Female,75,31.2532,33.0016,34.6744,36.1431,38.3190,40.4887,44.0160
etco2,Female,76,31.1814,33.0008,34.6311,36.0726,38.2532,40.4208,44.0067
etco2,Female,77,31.1072,33.0000,34.5859,36.0000,38.1851,40.3522,44.0012
etco2,Female,78,31.0307,32.9991,34.5389,35.9255,38.1151,40.2829,43.9990
etco2,Female,79,30.9522,32.9980,34.4903,35.8491,38.0431,40.2129,44.0000
etco2,Female,80,30.8717,32.9969,34.4401,35.7711,37.9694,40.1424,44.0039
etco2,Female,81,30.7895,32.9957,34.3885,35.6916,37.8942,40.0714,44.0104
etco2,Female,82,30.7057,32.9944,34.3356,35.6107,37.8176,40.0000,44.0193
etco2,Female,83,30.6206,32.9931,34.2817,35.5287,37.7397,39.9281,44.0303
etco2,Female,84,30.5342,32.9917,34.2267,35.4456,37.6607,39.8559,44.0431
etco2,Female,85,30.4467,32.9902,34.1709,35.3616,37.5807,39.7833,44.0575
etco2,Female,86,30.3584,32.9887,34.1145,35.2768,37.5000,39.7105,44.0732
etco2,Female,87,30.2694,32.9872,34.0574,35.1915,37.4186,39.6375,44.0900
etco2,Female,88,30.1799,32.9857,34.0000,35.1057,37.3368,39.5644,44.1076
etco2,Female,89,30.0900,32.9841,33.9423,35.0195,37.2547,39.4911,44.1257
etco2,Female,90,30.0000,32.9826,33.8844,34.9333,37.1724,39.4178,44.1440
etco2,Male,18,33.0171,34.9977,36.0338,39.0365,40.9752,46.1542,53.0000
etco2,Male,19,33.0155,34.9980,36.0306,39.0183,40.9836,46.0771,52.8584
etco2,Male,20,33.0139,34.9983,36.0274,39.0000,40.9919,46.0000,52.7168
etco2,Male,21,33.0123,34.9986,36.0243,38.9816,41.0000,45.9229,52.5750
etco2,Male,22,33.0107,34.9988,36.0212,38.9631,41.0077,45.8458,52.4331
etco2,Male,23,33.0092,34.9991,36.0182,38.9444,41.0149,45.7688,52.2910
etco2,Male,24,33.0077,34.9994,36.0153,38.9255,41.0216,45.6918,52.1486
etco2,Male,25,33.0064,34.9996,36.0125,38.9063,41.0275,45.6147,52.0059
etco2,Male,26,33.0050,34.9998,36.0099,38.8868,41.0326,45.5378,51.8628
etco2,Male,27,33.0038,35.0000,36.0075,38.8669,41.0367,45.4608,51.7192
etco2,Male,28,33.0027,35.0002,36.0053,38.8466,41.0398,45.3839,51.5752
etco2,Male,29,33.0017,35.0003,36.0033,38.8259,41.0417,45.3070,51.4306
etco2,Male,30,33.0008,35.0004,36.0015,38.8046,41.0423,45.2302,51.2854
etco2,Male,31,33.0000,35.0004,36.0000,38.7829,41.0415,45.1534,51.1395
etco2,Male,32,32.9994,35.0004,35.9988,38.7605,41.0391,45.0767,50.9930
etco2,Male,33,32.9989,35.0004,35.9979,38.7375,41.0351,45.0000,50.8456
etco2,Male,34,32.9986,35.0003,35.9973,38.7138,41.0293,44.9234,50.6975
etco2,Male,35,32.9985,35.0002,35.9970,38.6894,41.0216,44.8468,50.5485
etco2,Male,36,32.9986,35.0000,35.9972,38.6642,41.0118,44.7704,50.3985
etco2,Male,37,32.9988,34.9998,35.9977,38.6382,41.0000,44.6939,50.2476
etco2,Male,38,32.9993,34.9994,35.9986,38.6114,40.9859,44.6176,50.0956
etco2,Male,39,33.0000,34.9991,36.0000,38.5836,40.9694,44.5414,49.9425
etco2,Male,40,33.0009,34.9986,36.0018,38.5549,40.9505,44.4652,49.7883
etco2,Male,41,33.0021,34.9981,36.0042,38.5252,40.9289,44.3891,49.6328
etco2,Male,42,33.0035,34.9975,36.0070,38.4945,40.9046,44.3131,49.4761
etco2,Male,43,33.0052,34.9968,36.0103,38.4626,40.8775,44.2372,49.3182
etco2,Male,44,33.0069,34.9959,36.0140,38.4297,40.8476,44.1614,49.1594
etco2,Male,45,33.0086,34.9944,36.0178,38.3958,40.8151,44.0856,49.0000
etco2,Male,46,33.0101,34.9922,36.0217,38.3607,40.7799,44.0097,48.8405
etco2,Male,47,33.0111,34.9890,36.0255,38.3247,40.7423,43.9339,48.6813
etco2,Male,48,33.0115,34.9847,36.0289,38.2876,40.7023,43.8579,48.5227
etco2,Male,49,33.0112,34.9791,36.0319,38.2495,40.6599,43.7818,48.3653
etco2,Male,50,33.0099,34.9719,36.0343,38.2103,40.6152,43.7055,48.2092
etco2,Male,51,33.0076,34.9629,36.0359,38.1702,40.5684,43.6290,48.0551
etco2,Male,52,33.0039,34.9519,36.0365,38.1291,40.5195,43.5523,47.9032
etco2,Male,53,32.9989,34.9387,36.0360,38.0870,40.4687,43.4753,47.7540
etco2,Male,54,32.9922,34.9231,36.0342,38.0440,40.4159,43.3980,47.6078
etco2,Male,55,32.9837,34.9048,36.0309,38.0000,40.3613,43.3203,47.4650
etco2,Male,56,32.9733,34.8837,36.0260,37.9551,40.3049,43.2422,47.3261
etco2,Male,57,32.9608,34.8596,36.0194,37.9092,40.2469,43.1637,47.1915
etco2,Male,58,32.9460,34.8321,36.0107,37.8624,40.1873,43.0848,47.0615
etco2,Male,59,32.9287,34.8012,36.0000,37.8147,40.1262,43.0053,46.9365
etco2,Male,60,32.9087,34.7665,35.9870,37.7661,40.0638,42.9253,46.8170
etco2,Male,61,32.8860,34.7280,35.9715,37.7166,40.0000,42.8447,46.7033
etco2,Male,62,32.8603,34.6853,35.9535,37.6663,39.9350,42.7635,46.5958
etco2,Male,63,32.8314,34.6383,35.9326,37.6151,39.8688,42.6816,46.4950
etco2,Male,64,32.7993,34.5867,35.9088,37.5630,39.8016,42.5990,46.4011
etco2,Male,65,32.7636,34.5304,35.8819,37.5101,39.7334,42.5158,46.3147
etco2,Male,66,32.7243,34.4690,35.8518,37.4564,39.6643,42.4317,46.2361
etco2,Male,67,32.6812,34.4026,35.8182,37.4018,39.5944,42.3468,46.1656
etco2,Male,68,32.6344,34.3312,35.7814,37.3465,39.5238,42.2612,46.1030
etco2,Male,69,32.5841,34.2550,35.7414,37.2904,39.4524,42.1748,46.0479
etco2,Male,70,32.5305,34.1742,35.6984,37.2336,39.3803,42.0877,46.0000
etco2,Male,71,32.4737,34.0892,35.6525,37.1762,39.3075,42.0000,45.9589
etco2,Male,72,32.4138,34.0000,35.6039,37.1180,39.2341,41.9116,45.9244
etco2,Male,73,32.3511,33.9069,35.5528,37.0593,39.1600,41.8226,45.8960
etco2,Male,74,32.2857,33.8102,35.4992,37.0000,39.0854,41.7331,45.8734
etco2,Male,75,32.2177,33.7100,35.4433,36.9401,39.0103,41.6430,45.8563
etco2,Male,76,32.1473,33.6065,35.3853,36.8798,38.9347,41.5523,45.8443
etco2,Male,77,32.0747,33.5000,35.3252,36.8189,38.8586,41.4613,45.8371
etco2,Male,78,32.0000,33.3907,35.2633,36.7576,38.7820,41.3698,45.8344
etco2,Male,79,31.9234,33.2788,35.1997,36.6959,38.7051,41.2778,45.8357
etco2,Male,80,31.8450,33.1645,35.1345,36.6339,38.6278,41.1855,45.8409
etco2,Male,81,31.7651,33.0481,35.0679,36.5714,38.5501,41.0929,45.8494
etco2,Male,82,31.6837,32.9297,35.0000,36.5087,38.4722,41.0000,45.8611
etco2,Male,83,31.6010,32.8095,34.9310,36.4457,38.3940,40.9068,45.8754
etco2,Male,84,31.5172,32.6879,34.8609,36.3825,38.3155,40.8134,45.8922
etco2,Male,85,31.4325,32.5649,34.7900,36.3191,38.2368,40.7197,45.9110
etco2,Male,86,31.3469,32.4409,34.7184,36.2554,38.1580,40.6259,45.9316
etco2,Male,87,31.2608,32.3160,34.6461,36.1917,38.0791,40.5320,45.9535
etco2,Male,88,31.1741,32.1905,34.5735,36.1279,38.0000,40.4380,45.9764
etco2,Male,89,31.0871,32.0645,34.5006,36.0639,37.9209,40.3439,46.0000
etco2,Male,90,31.0000,31.9383,34.4275,36.0000,37.8417,40.2497,46.0240
temp_c,Female,18,35.1161,35.5044,35.7635,36.2155,36.6371,37.0070,37.2731
temp_c,Female,19,35.1145,35.5000,35.7661,36.2173,36.6340,37.0035,37.2755
temp_c,Female,20,35.1128,35.4956,35.7686,36.2190,36.6309,37.0000,37.2778
temp_c,Female,21,35.1111,35.4912,35.7711,36.2207,36.6278,36.9965,37.2800
temp_c,Female,22,35.1093,35.4867,35.7735,36.2222,36.6246,36.9929,37.2822
temp_c,Female,23,35.1073,35.4821,35.7757,36.2236,36.6213,36.9893,37.2842
temp_c,Female,24,35.1051,35.4774,35.7778,36.2248,36.6180,36.9856,37.2862
temp_c,Female,25,35.1027,35.4726,35.7796,36.2257,36.6146,36.9819,37.2880
temp_c,Female,26,35.1000,35.4676,35.7812,36.2264,36.6111,36.9781,37.2896
temp_c,Female,27,35.0969,35.4625,35.7825,36.2268,36.6075,36.9741,37.2910
temp_c,Female,28,35.0936,35.4572,35.7834,36.2268,36.6038,36.9701,37.2921
temp_c,Female,29,35.0898,35.4516,35.7840,36.2264,36.5999,36.9660,37.2930
temp_c,Female,30,35.0856,35.4459,35.7842,36.2256,36.5959,36.9617,37.2937
temp_c,Female,31,35.0810,35.4399,35.7839,36.2243,36.5917,36.9573,37.2940
temp_c,Female,32,35.0758,35.4336,35.7832,36.2225,36.5873,36.9527,37.2940
temp_c,Female,33,35.0701,35.4270,35.7819,36.2202,36.5828,36.9480,37.2936
temp_c,Female,34,35.0638,35.4201,35.7802,36.2173,36.5780,36.9431,37.2928
temp_c,Female,35,35.0569,35.4128,35.7778,36.2137,36.5730,36.9380,37.2917
temp_c,Female,36,35.0493,35.4052,35.7748,36.2095,36.5678,36.9327,37.2901
temp_c,Female,37,35.0410,35.3973,35.7711,36.2046,36.5623,36.9271,37.2880
temp_c,Female,38,35.0320,35.3889,35.7668,36.1990,36.5565,36.9214,37.2854
temp_c,Female,39,35.0221,35.3801,35.7617,36.1926,36.5505,36.9154,37.2823
temp_c,Female,40,35.0115,35.3708,35.7558,36.1853,36.5442,36.9092,37.2787
temp_c,Female,41,35.0000,35.3611,35.7492,36.1772,36.5376,36.9027,37.2745
temp_c,Female,42,34.9876,35.3509,35.7417,36.1682,36.5307,36.8959,37.2698
temp_c,Female,43,34.9743,35.3403,35.7333,36.1583,36.5234,36.8889,37.2644
temp_c,Female,44,34.9601,35.3291,35.7242,36.1475,36.5158,36.8816,37.2585
temp_c,Female,45,34.9452,35.3176,35.7143,36.1360,36.5080,36.8741,37.2520
temp_c,Female,46,34.9297,35.3058,35.7038,36.1238,36.5000,36.8664,37.2451
temp_c,Female,47,34.9136,35.2938,35.6928,36.1111,36.4918,36.8586,37.2378
temp_c,Female,48,34.8971,35.2816,35.6814,36.0979,36.4835,36.8507,37.2302
temp_c,Female,49,34.8803,35.2693,35.6696,36.0844,36.4751,36.8427,37.2222
temp_c,Female,50,34.8632,35.2570,35.6576,36.0705,36.4667,36.8347,37.2140
temp_c,Female,51,34.8460,35.2447,35.6453,36.0565,36.4583,36.8267,37.2057
temp_c,Female,52,34.8287,35.2325,35.6330,36.0424,36.4499,36.8187,37.1972
temp_c,Female,53,34.8116,35.2205,35.6207,36.0283,36.4415,36.8108,37.1887
temp_c,Female,54,34.7945,35.2087,35.6084,36.0143,36.4333,36.8030,37.1801
temp_c,Female,55,34.7778,35.1973,35.5964,36.0005,36.4253,36.7954,37.1716
temp_c,Female,56,34.7614,35.1862,35.5846,35.9870,36.4174,36.7879,37.1631
temp_c,Female,57,34.7455,35.1755,35.5731,35.9739,36.4098,36.7807,37.1548
temp_c,Female,58,34.7301,35.1654,35.5621,35.9613,36.4025,36.7738,37.1467
temp_c,Female,59,34.7154,35.1558,35.5516,35.9492,36.3955,36.7671,37.1389
temp_c,Female,60,34.7015,35.1469,35.5417,35.9379,36.3889,36.7608,37.1313
temp_c,Female,61,34.6884,35.1387,35.5325,35.9272,36.3827,36.7548,37.1242
temp_c,Female,62,34.6764,35.1313,35.5241,35.9175,36.3769,36.7493,37.1174
temp_c,Female,63,34.6653,35.1248,35.5165,35.9087,36.3716,36.7442,37.1111
temp_c,Female,64,34.6555,35.1191,35.5099,35.9009,36.3669,36.7395,37.1054
temp_c,Female,65,34.6469,35.1145,35.5044,35.8943,36.3627,36.7354,37.1002
temp_c,Female,66,34.6397,35.1109,35.5000,35.8889,36.3591,36.7318,37.0956
temp_c,Female,67,34.6339,35.1084,35.4968,35.8848,36.3562,36.7288,37.0918
temp_c,Female,68,34.6296,35.1070,35.4948,35.8820,36.3539,36.7264,37.0886
temp_c,Female,69,34.6266,35.1066,35.4939,35.8804,36.3522,36.7245,37.0860
temp_c,Female,70,34.6249,35.1072,35.4940,35.8800,36.3511,36.7231,37.0840
temp_c,Female,71,34.6244,35.1087,35.4952,35.8807,36.3505,36.7222,37.0826
temp_c,Female,72,34.6250,35.1111,35.4974,35.8825,36.3505,36.7218,37.0818
temp_c,Female,73,34.6268,35.1144,35.5004,35.8852,36.3509,36.7218,37.0814
temp_c,Female,74,34.6296,35.1184,35.5044,35.8889,36.3518,36.7222,37.0816
temp_c,Female,75,34.6334,35.1232,35.5091,35.8935,36.3532,36.7230,37.0822
temp_c,Female,76,34.6381,35.1287,35.5146,35.8989,36.3549,36.7242,37.0833
temp_c,Female,77,34.6437,35.1349,35.5208,35.9051,36.3570,36.7257,37.0847
temp_c,Female,78,34.6500,35.1417,35.5277,35.9120,36.3595,36.7276,37.0865
temp_c,Female,79,34.6571,35.1490,35.5352,35.9195,36.3623,36.7297,37.0887
temp_c,Female,80,34.6649,35.1568,35.5433,35.9277,36.3655,36.7321,37.0912
temp_c,Female,81,34.6733,35.1651,35.5519,35.9365,36.3688,36.7348,37.0939
temp_c,Female,82,34.6822,35.1739,35.5609,35.9457,36.3725,36.7376,37.0970
temp_c,Female,83,34.6916,35.1830,35.5703,35.9554,36.3763,36.7407,37.1002
temp_c,Female,84,34.7015,35.1924,35.5801,35.9654,36.3803,36.7439,37.1037
temp_c,Female,85,34.7117,35.2021,35.5902,35.9758,36.3846,36.7473,37.1073
temp_c,Female,86,34.7222,35.2121,35.6006,35.9865,36.3889,36.7508,37.1111
temp_c,Female,87,34.7330,35.2222,35.6111,35.9974,36.3933,36.7544,37.1150
temp_c,Female,88,34.7440,35.2325,35.6218,36.0085,36.3979,36.7581,37.1190
temp_c,Female,89,34.7550,35.2429,35.6326,36.0197,36.4024,36.7618,37.1230
temp_c,Female,90,34.7662,35.2533,35.6435,36.0309,36.4071,36.7655,37.1271
temp_c,Male,18,35.1314,35.5204,35.8995,36.2852,36.7462,36.9946,37.4375
temp_c,Male,19,35.1212,35.5153,35.8942,36.2828,36.7424,36.9973,37.4461
temp_c,Male,20,35.1111,35.5103,35.8889,36.2803,36.7385,37.0000,37.4546
temp_c,Male,21,35.1010,35.5052,35.8835,36.2778,36.7346,37.0026,37.4629
temp_c,Male,22,35.0909,35.5000,35.8781,36.2752,36.7306,37.0051,37.4710
temp_c,Male,23,35.0808,35.4948,35.8726,36.2725,36.7265,37.0074,37.4789
temp_c,Male,24,35.0708,35.4895,35.8671,36.2696,36.7222,37.0095,37.4864
temp_c,Male,25,35.0608,35.4841,35.8614,36.2666,36.7178,37.0115,37.4934
temp_c,Male,26,35.0509,35.4786,35.8556,36.2634,36.7132,37.0132,37.5000
temp_c,Male,27,35.0410,35.4729,35.8496,36.2600,36.7083,37.0145,37.5060
temp_c,Male,28,35.0312,35.4671,35.8435,36.2564,36.7032,37.0156,37.5114
temp_c,Male,29,35.0214,35.4612,35.8372,36.2525,36.6979,37.0163,37.5160
temp_c,Male,30,35.0118,35.4550,35.8306,36.2483,36.6922,37.0166,37.5199
temp_c,Male,31,35.0022,35.4487,35.8239,36.2438,36.6862,37.0164,37.5229
temp_c,Male,32,34.9927,35.4421,35.8169,36.2390,36.6798,37.0158,37.5250
temp_c,Male,33,34.9833,35.4353,35.8097,36.2338,36.6730,37.0146,37.5261
temp_c,Male,34,34.9741,35.4283,35.8022,36.2282,36.6659,37.0130,37.5261
temp_c,Male,35,34.9649,35.4210,35.7944,36.2222,36.6582,37.0107,37.5250
temp_c,Male,36,34.9559,35.4134,35.7862,36.2158,36.6502,37.0078,37.5227
temp_c,Male,37,34.9470,35.4056,35.7778,36.2089,36.6416,37.0042,37.5191
temp_c,Male,38,34.9382,35.3974,35.7690,36.2014,36.6324,37.0000,37.5142
temp_c,Male,39,34.9296,35.3889,35.7598,36.1935,36.6228,36.9950,37.5078
temp_c,Male,40,34.9211,35.3800,35.7502,36.1850,36.6125,36.9893,37.5000
temp_c,Male,41,34.9128,35.3708,35.7402,36.1760,36.6016,36.9827,37.4906
temp_c,Male,42,34.9047,35.3612,35.7298,36.1663,36.5901,36.9754,37.4796
temp_c,Male,43,34.8967,35.3513,35.7190,36.1560,36.5779,36.9671,37.4668
temp_c,Male,44,34.8889,35.3409,35.7078,36.1452,36.5652,36.9580,37.4526
temp_c,Male,45,34.8813,35.3303,35.6962,36.1338,36.5519,36.9482,37.4368
temp_c,Male,46,34.8738,35.3194,35.6843,36.1219,36.5381,36.9377,37.4198
temp_c,Male,47,34.8666,35.3084,35.6721,36.1096,36.5239,36.9265,37.4015
temp_c,Male,48,34.8595,35.2972,35.6598,36.0969,36.5094,36.9148,37.3822
temp_c,Male,49,34.8525,35.2859,35.6472,36.0838,36.4946,36.9025,37.3620
temp_c,Male,50,34.8458,35.2745,35.6346,36.0704,36.4796,36.8898,37.3410
temp_c,Male,51,34.8392,35.2631,35.6218,36.0568,36.4644,36.8766,37.3192
temp_c,Male,52,34.8327,35.2518,35.6090,36.0429,36.4492,36.8632,37.2970
temp_c,Male,53,34.8265,35.2406,35.5963,36.0289,36.4340,36.8494,37.2743
temp_c,Male,54,34.8204,35.2295,35.5836,36.0147,36.4188,36.8354,37.2513
temp_c,Male,55,34.8145,35.2186,35.5710,36.0004,36.4038,36.8212,37.2282
temp_c,Male,56,34.8087,35.2080,35.5585,35.9861,36.3889,36.8069,37.2051
temp_c,Male,57,34.8032,35.1976,35.5462,35.9719,36.3743,36.7926,37.1820
temp_c,Male,58,34.7978,35.1876,35.5342,35.9576,36.3600,36.7783,37.1592
temp_c,Male,59,34.7925,35.1780,35.5225,35.9435,36.3461,36.7640,37.1367
temp_c,Male,60,34.7874,35.1688,35.5110,35.9295,36.3326,36.7499,37.1147
temp_c,Male,61,34.7825,35.1601,35.5000,35.9157,36.3196,36.7359,37.0933
temp_c,Male,62,34.7778,35.1520,35.4894,35.9022,36.3072,36.7222,37.0726
temp_c,Male,63,34.7732,35.1444,35.4792,35.8889,36.2955,36.7088,37.0528
temp_c,Male,64,34.7688,35.1375,35.4696,35.8759,36.2845,36.6958,37.0341
temp_c,Male,65,34.7645,35.1312,35.4605,35.8634,36.2743,36.6832,37.0164
temp_c,Male,66,34.7604,35.1257,35.4520,35.8512,36.2649,36.6710,37.0000
temp_c,Male,67,34.7565,35.1210,35.4442,35.8395,36.2563,36.6594,36.9849
temp_c,Male,68,34.7528,35.1170,35.4370,35.8282,36.2487,36.6483,36.9712
temp_c,Male,69,34.7491,35.1137,35.4303,35.8173,36.2419,36.6377,36.9588
temp_c,Male,70,34.7457,35.1111,35.4243,35.8069,36.2359,36.6275,36.9475
temp_c,Male,71,34.7423,35.1092,35.4187,35.7968,36.2306,36.6179,36.9374
temp_c,Male,72,34.7391,35.1079,35.4137,35.7871,36.2261,36.6086,36.9284
temp_c,Male,73,34.7360,35.1071,35.4092,35.7778,36.2222,36.5997,36.9204
temp_c,Male,74,34.7331,35.1069,35.4051,35.7688,36.2190,36.5912,36.9135
temp_c,Male,75,34.7302,35.1073,35.4015,35.7600,36.2164,36.5831,36.9074
temp_c,Male,76,34.7275,35.1081,35.3983,35.7516,36.2144,36.5753,36.9022
temp_c,Male,77,34.7248,35.1094,35.3954,35.7434,36.2128,36.5679,36.8978
temp_c,Male,78,34.7222,35.1111,35.3929,35.7355,36.2118,36.5607,36.8942
temp_c,Male,79,34.7197,35.1132,35.3908,35.7279,36.2113,36.5538,36.8912
temp_c,Male,80,34.7173,35.1157,35.3889,35.7204,36.2111,36.5471,36.8889
temp_c,Male,81,34.7150,35.1185,35.3873,35.7131,36.2113,36.5407,36.8871
temp_c,Male,82,34.7127,35.1215,35.3859,35.7060,36.2119,36.5344,36.8859
temp_c,Male,83,34.7105,35.1249,35.3848,35.6991,36.2128,36.5284,36.8852
temp_c,Male,84,34.7083,35.1285,35.3838,35.6922,36.2139,36.5225,36.8848
temp_c,Male,85,34.7061,35.1322,35.3830,35.6856,36.2153,36.5167,36.8848
temp_c,Male,86,34.7040,35.1362,35.3824,35.6789,36.2168,36.5111,36.8851
temp_c,Male,87,34.7019,35.1402,35.3818,35.6724,36.2185,36.5055,36.8856
temp_c,Male,88,34.6999,35.1444,35.3813,35.6660,36.2203,36.5000,36.8862
temp_c,Male,89,34.6978,35.1486,35.3809,35.6595,36.2222,36.4945,36.8870
temp_c,Male,90,34.6958,35.1528,35.3805,35.6531,36.2242,36.4891,36.8879
